cluster,keyword,intent,suggest_score,volume_proxy,difficulty_proxy,monetization,cpc_class,fit,already_targeted,priority_score,recommended_action
AIStackCost,ai tools for freelancers,Commercial comparison,3,72,35,5,High,6,0,97.8,Create support page
BudgetReset,free printable monthly bill calendar pdf,Printable/checklist,5,76,29,4,Med,6,0,95.3,Create support page
BudgetReset,monthly bill calendar free printable,Printable/checklist,5,76,29,4,Med,6,0,95.3,Create support page
BudgetReset,monthly bill calendar template free pdf,Template/download,5,76,29,4,Med,6,0,95.3,Create support page
AIStackCost,best free ai tools for freelancers,Commercial comparison,3,56,29,5,High,6,0,94.9,Create support page
AIStackCost,free ai tools for freelancers,Commercial comparison,3,56,29,5,High,6,0,94.9,Create support page
AIStackCost,top 10 ai tools for freelancers,Commercial comparison,3,56,29,5,High,6,0,94.9,Create support page
AIStackCost,the 17 best ai tools for freelancers in 2026,Commercial comparison,3,64,41,5,High,6,0,92.5,Create support page
BudgetReset,monthly bill calendar printable free,Printable/checklist,5,76,37,4,Med,6,0,91.9,Create support page
BudgetReset,monthly bill calendar template free,Template/download,5,76,37,4,Med,6,0,91.9,Create support page
MoveBudget,moving cost calculator no email,Tool/calculator,4,66,29,4,Med-High,6,0,91.1,Create support page
BudgetReset,biweekly paycheck budget template google sheets free,Template/download,5,58,29,4,Med,6,0,89.1,Create support page
BudgetReset,free printable monthly bills calendar template,Template/download,5,58,29,4,Med,6,0,89.1,Create support page
AIStackCost,ai marketing tools for freelancers,Commercial comparison,3,38,29,5,High,6,0,88.7,Create support page
AIStackCost,ai productivity tools for freelancers,Commercial comparison,3,38,29,5,High,6,0,88.7,Create support page
MoveBudget,free printable first apartment budget worksheet,Template/download,5,58,29,4,Med-High,6,0,88.3,Create support page
MoveBudget,free printable first apartment budget worksheet pdf,Template/download,5,58,29,4,Med-High,6,0,88.3,Create support page
MealPlanSheet,editable grocery list template google sheets,Template/download,5,76,29,3,Low-Med,6,0,87.7,Create support page
MealPlanSheet,grocery list template excel free,Template/download,5,76,29,3,Low-Med,6,0,87.7,Create support page
MealPlanSheet,grocery list template excel free download word,Template/download,5,76,29,3,Low-Med,6,0,87.7,Create support page
MealPlanSheet,grocery list template free editable,Template/download,5,76,29,3,Low-Med,6,0,87.7,Create support page
MealPlanSheet,grocery list template free editable excel,Template/download,5,76,29,3,Low-Med,6,0,87.7,Create support page
MealPlanSheet,grocery list template free editable pdf,Template/download,5,76,29,3,Low-Med,6,0,87.7,Create support page
MealPlanSheet,grocery list template free editable pdf free download,Template/download,5,76,29,3,Low-Med,6,0,87.7,Create support page
MealPlanSheet,grocery list template free editable pdf word,Template/download,5,76,29,3,Low-Med,6,0,87.7,Create support page
MealPlanSheet,grocery list template free editable word,Template/download,5,76,29,3,Low-Med,6,0,87.7,Create support page
MealPlanSheet,grocery list template free pdf,Template/download,5,76,29,3,Low-Med,6,0,87.7,Create support page
MealPlanSheet,grocery list template free printable,Template/download,5,76,29,3,Low-Med,6,0,87.7,Create support page
MealPlanSheet,grocery list template free printable pdf,Template/download,5,76,29,3,Low-Med,6,0,87.7,Create support page
MealPlanSheet,grocery list template google sheets free,Template/download,5,76,29,3,Low-Med,6,0,87.7,Create support page
MealPlanSheet,grocery list template google sheets free download,Template/download,5,76,29,3,Low-Med,6,0,87.7,Create support page
MealPlanSheet,grocery list template pdf free,Template/download,5,76,29,3,Low-Med,6,0,87.7,Create support page
MealPlanSheet,grocery list template pdf free download,Template/download,5,76,29,3,Low-Med,6,0,87.7,Create support page
MoveBudget,long distance moving cost calculator free,Tool/calculator,4,66,37,4,Med-High,6,0,87.7,Create support page
MoveBudget,moving cost calculator free,Tool/calculator,4,70,43,4,Med-High,6,0,86.5,Create support page
BudgetReset,2026 budget planner template free,Template/download,4,56,34,4,Med,6,0,86.4,Create support page
BudgetReset,monthly bill planner template free,Template/download,5,58,37,4,Med,6,0,85.8,Create support page
BudgetReset,bill calendar template excel free,Template/download,4,48,29,4,Med,6,0,85.7,Create support page
BudgetReset,bill calendar template free pdf,Template/download,4,48,29,4,Med,6,0,85.7,Create support page
BudgetReset,bill payment schedule template excel free download,Template/download,4,48,29,4,Med,6,0,85.7,Create support page
BudgetReset,bill planner template free printable,Template/download,4,48,29,4,Med,6,0,85.7,Create support page
BudgetReset,budget planner printable pdf free,Printable/checklist,4,48,29,4,Med,6,0,85.7,Create support page
BudgetReset,budget planner printable pdf free download,Printable/checklist,4,48,29,4,Med,6,0,85.7,Create support page
BudgetReset,budget planner template excel free,Template/download,4,48,29,4,Med,6,0,85.7,Create support page
BudgetReset,budget planner template excel free download,Template/download,4,48,29,4,Med,6,0,85.7,Create support page
BudgetReset,budget planner template free excel,Template/download,4,48,29,4,Med,6,0,85.7,Create support page
BudgetReset,budget planner template free google sheets,Template/download,4,48,29,4,Med,6,0,85.7,Create support page
BudgetReset,budget planner template free pdf,Template/download,4,48,29,4,Med,6,0,85.7,Create support page
BudgetReset,budget planner template free pdf free download,Template/download,4,48,29,4,Med,6,0,85.7,Create support page
BudgetReset,budget planner template free printable,Template/download,4,48,29,4,Med,6,0,85.7,Create support page
BudgetReset,budget planner template free printable pdf,Template/download,4,48,29,4,Med,6,0,85.7,Create support page
BudgetReset,budget planner template google sheets free,Template/download,4,48,29,4,Med,6,0,85.7,Create support page
BudgetReset,budget planner template google sheets free download,Template/download,4,48,29,4,Med,6,0,85.7,Create support page
BudgetReset,budget planner template pdf free,Template/download,4,48,29,4,Med,6,0,85.7,Create support page
BudgetReset,budget planner template pdf free download,Template/download,4,48,29,4,Med,6,0,85.7,Create support page
BudgetReset,budget planning template free printable,Template/download,4,48,29,4,Med,6,0,85.7,Create support page
BudgetReset,budget spreadsheet template free printable,Template/download,4,48,29,4,Med,6,0,85.7,Create support page
BudgetReset,budget spreadsheet template free printable pdf,Template/download,4,48,29,4,Med,6,0,85.7,Create support page
BudgetReset,financial planner template google sheets free,Template/download,4,48,29,4,Med,6,0,85.7,Create support page
BudgetReset,free bill calendar template google sheets,Template/download,4,48,29,4,Med,6,0,85.7,Create support page
BudgetReset,free printable bill calendar template,Template/download,4,48,29,4,Med,6,0,85.7,Create support page
BudgetReset,paycheck budget planner free printable,Printable/checklist,4,48,29,4,Med,6,0,85.7,Create support page
BudgetReset,paycheck budget template free excel,Template/download,4,48,29,4,Med,6,0,85.7,Create support page
BudgetReset,paycheck budget template free pdf,Template/download,4,48,29,4,Med,6,0,85.7,Create support page
BudgetReset,paycheck budget template google sheets free,Template/download,4,48,29,4,Med,6,0,85.7,Create support page
BudgetReset,paycheck budget template google sheets free download,Template/download,4,48,29,4,Med,6,0,85.7,Create support page
BudgetReset,zero based budget template excel free,Template/download,4,48,29,4,Med,6,0,85.7,Create support page
BudgetReset,zero based budget template excel free download,Template/download,4,48,29,4,Med,6,0,85.7,Create support page
BudgetReset,zero based budget template excel free pdf,Template/download,4,48,29,4,Med,6,0,85.7,Create support page
BudgetReset,zero based budget template free printable,Template/download,4,48,29,4,Med,6,0,85.7,Create support page
BudgetReset,zero based budget template google sheets free,Template/download,4,48,29,4,Med,6,0,85.7,Create support page
BudgetReset,zero based budget template google sheets free download,Template/download,4,48,29,4,Med,6,0,85.7,Create support page
BudgetReset,debt snowball calculator excel free,Tool/calculator,4,66,44,4,Med,6,0,85.6,Create support page
BudgetReset,debt snowball calculator excel free download,Tool/calculator,4,66,44,4,Med,6,0,85.6,Create support page
BudgetReset,debt snowball calculator free excel,Tool/calculator,4,66,44,4,Med,6,0,85.6,Create support page
BudgetReset,debt snowball calculator google sheets free,Tool/calculator,4,66,44,4,Med,6,0,85.6,Create support page
AIStackCost,ai marketing tools for small business free,Commercial comparison,3,38,37,5,High,6,0,85.4,Create support page
AIStackCost,best free ai tools for small business,Commercial comparison,3,56,52,5,High,6,0,85.2,Create support page
AIStackCost,free ai tools for small business,Commercial comparison,3,56,52,5,High,6,0,85.2,Create support page
AIStackCost,free ai tools for small business owners,Commercial comparison,3,56,52,5,High,6,0,85.2,Create support page
BudgetReset,monthly bill calendar excel template,Template/download,4,66,29,4,Med,5,0,84.9,Create support page
BudgetReset,monthly bill calendar template excel,Template/download,4,66,29,4,Med,5,0,84.9,Create support page
MoveBudget,moving house checklist excel free download,Template/download,4,48,29,4,Med-High,6,0,84.9,Create support page
MoveBudget,moving house checklist pdf free download,Printable/checklist,4,48,29,4,Med-High,6,0,84.9,Create support page
MoveBudget,apartment moving checklist printable free,Printable/checklist,5,76,52,4,Med-High,6,0,84.8,Create support page
MoveBudget,moving checklist excel free download,Template/download,4,66,44,4,Med-High,6,0,84.8,Create support page
MoveBudget,moving checklist excel template free,Template/download,4,66,44,4,Med-High,6,0,84.8,Create support page
MoveBudget,moving checklist free printable pdf,Printable/checklist,4,66,44,4,Med-High,6,0,84.8,Create support page
MoveBudget,moving checklist pdf free download,Printable/checklist,4,66,44,4,Med-High,6,0,84.8,Create support page
MoveBudget,moving checklist pdf free download usa,Printable/checklist,4,66,44,4,Med-High,6,0,84.8,Create support page
MoveBudget,moving checklist template excel free download,Template/download,4,66,44,4,Med-High,6,0,84.8,Create support page
BudgetReset,payday budget template free,Template/download,5,62,43,4,Med,6,0,84.6,Create support page
MealPlanSheet,grocery list template printable free,Template/download,5,76,37,3,Low-Med,6,0,84.3,Create support page
MealPlanSheet,printable grocery list template free download,Template/download,5,76,37,3,Low-Med,6,0,84.3,Create support page
BudgetReset,monthly bill calendar free,Printable/checklist,3,60,43,4,Med,6,0,83.9,Create support page
BudgetReset,monthly bill calendar pdf,Printable/checklist,4,70,35,4,Med,5,0,83.7,Create support page
MoveBudget,moving checklist free pdf,Printable/checklist,4,70,50,4,Med-High,6,0,83.6,Create support page
MoveBudget,moving checklist free printable,Printable/checklist,4,70,50,4,Med-High,6,0,83.6,Create support page
MoveBudget,moving checklist pdf free,Printable/checklist,4,70,50,4,Med-High,6,0,83.6,Create support page
MealPlanSheet,grocery list template free,Template/download,5,80,43,3,Low-Med,6,0,83.1,Create support page
BudgetReset,50 30 20 budget calculator free,Tool/calculator,4,48,37,4,Med,6,0,82.4,Create support page
BudgetReset,50 30 20 calculator free,Tool/calculator,4,48,37,4,Med,6,0,82.4,Create support page
BudgetReset,50 30 20 rule calculator free,Tool/calculator,4,48,37,4,Med,6,0,82.4,Create support page
BudgetReset,bill pay calendar template free,Template/download,4,48,37,4,Med,6,0,82.4,Create support page
BudgetReset,bill planner template free download,Template/download,4,48,37,4,Med,6,0,82.4,Create support page
BudgetReset,bill tracker calendar template free,Template/download,4,48,37,4,Med,6,0,82.4,Create support page
BudgetReset,budget planner template free download,Template/download,4,48,37,4,Med,6,0,82.4,Create support page
BudgetReset,budget planner template free goodnotes,Template/download,4,48,37,4,Med,6,0,82.4,Create support page
BudgetReset,budget planner template free sheets,Template/download,4,48,37,4,Med,6,0,82.4,Create support page
BudgetReset,budget planner template printable free,Template/download,4,48,37,4,Med,6,0,82.4,Create support page
BudgetReset,budget planning spreadsheet template free,Template/download,4,48,37,4,Med,6,0,82.4,Create support page
BudgetReset,financial planner spreadsheet template free,Template/download,4,48,37,4,Med,6,0,82.4,Create support page
BudgetReset,paycheck budget planner printable free,Printable/checklist,4,48,37,4,Med,6,0,82.4,Create support page
BudgetReset,paycheck budget planner template free,Template/download,4,48,37,4,Med,6,0,82.4,Create support page
BudgetReset,paycheck budget spreadsheet template free,Template/download,4,48,37,4,Med,6,0,82.4,Create support page
BudgetReset,paycheck budget template free download,Template/download,4,48,37,4,Med,6,0,82.4,Create support page
BudgetReset,printable budget planner template free download,Template/download,4,48,37,4,Med,6,0,82.4,Create support page
BudgetReset,zero based budget spreadsheet free,Template/download,4,48,37,4,Med,6,0,82.4,Create support page
BudgetReset,zero based budget template free,Template/download,4,48,37,4,Med,6,0,82.4,Create support page
BudgetReset,zero based budget template free download,Template/download,4,48,37,4,Med,6,0,82.4,Create support page
BudgetReset,best debt snowball calculator free,Tool/calculator,4,66,52,4,Med,6,0,82.2,Create support page
BudgetReset,debt snowball calculator free download,Tool/calculator,4,66,52,4,Med,6,0,82.2,Create support page
BudgetReset,debt snowball calculator spreadsheet free,Tool/calculator,4,66,52,4,Med,6,0,82.2,Create support page
AIStackCost,ai tools for freelance writers,Commercial comparison,2,28,37,5,High,6,0,82.0,Create support page
AIStackCost,best free ai tools for content creators,Commercial comparison,2,28,37,5,High,6,0,82.0,Create support page
AIStackCost,best free ai tools for creators,Commercial comparison,2,28,37,5,High,6,0,82.0,Create support page
AIStackCost,best free ai tools for youtube creators,Commercial comparison,2,28,37,5,High,6,0,82.0,Create support page
MoveBudget,moving house checklist template free download,Template/download,4,48,37,4,Med-High,6,0,81.6,Create support page
MealPlanSheet,grocery list excel template free pdf,Template/download,5,58,29,3,Low-Med,6,0,81.5,Create support page
MealPlanSheet,grocery list printable pdf free,Printable/checklist,5,58,29,3,Low-Med,6,0,81.5,Create support page
MealPlanSheet,grocery list printable pdf free download,Printable/checklist,5,58,29,3,Low-Med,6,0,81.5,Create support page
MealPlanSheet,grocery shopping template free printable,Template/download,5,58,29,3,Low-Med,6,0,81.5,Create support page
MealPlanSheet,weekly meal plan free printable,Printable/checklist,5,58,29,3,Low-Med,6,0,81.5,Create support page
MealPlanSheet,weekly meal plan printable free pdf,Printable/checklist,5,58,29,3,Low-Med,6,0,81.5,Create support page
MealPlanSheet,weekly meal planner excel free,Template/download,5,76,44,3,Low-Med,6,0,81.4,Create support page
MealPlanSheet,weekly meal planner excel template free,Template/download,5,76,44,3,Low-Med,6,0,81.4,Create support page
MealPlanSheet,weekly meal planner free pdf,Printable/checklist,5,76,44,3,Low-Med,6,0,81.4,Create support page
MealPlanSheet,weekly meal planner free printable,Printable/checklist,5,76,44,3,Low-Med,6,0,81.4,Create support page
MealPlanSheet,weekly meal planner free printable pdf,Printable/checklist,5,76,44,3,Low-Med,6,0,81.4,Create support page
MealPlanSheet,weekly meal planner google sheets template free,Template/download,5,76,44,3,Low-Med,6,0,81.4,Create support page
MealPlanSheet,weekly meal planner pdf free,Printable/checklist,5,76,44,3,Low-Med,6,0,81.4,Create support page
MealPlanSheet,weekly meal planner pdf free download,Printable/checklist,5,76,44,3,Low-Med,6,0,81.4,Create support page
MealPlanSheet,weekly meal planner printable pdf free,Printable/checklist,5,76,44,3,Low-Med,6,0,81.4,Create support page
MealPlanSheet,weekly meal planner printable pdf free download,Printable/checklist,5,76,44,3,Low-Med,6,0,81.4,Create support page
MealPlanSheet,weekly meal planner template excel free,Template/download,5,76,44,3,Low-Med,6,0,81.4,Create support page
MealPlanSheet,weekly meal planner template excel free download,Template/download,5,76,44,3,Low-Med,6,0,81.4,Create support page
MealPlanSheet,weekly meal planner template free download pdf,Template/download,5,76,44,3,Low-Med,6,0,81.4,Create support page
MealPlanSheet,weekly meal planner template google sheets free download,Template/download,5,76,44,3,Low-Med,6,0,81.4,Create support page
MealPlanSheet,weekly meal planner template pdf free download,Template/download,5,76,44,3,Low-Med,6,0,81.4,Create support page
MoveBudget,moving checklist printable free download,Printable/checklist,4,66,52,4,Med-High,6,0,81.4,Create support page
BudgetReset,bill calendar printable free,Printable/checklist,4,52,43,4,Med,6,0,81.2,Create support page
BudgetReset,bill calendar template free,Template/download,4,52,43,4,Med,6,0,81.2,Create support page
BudgetReset,bill planner template free,Template/download,4,52,43,4,Med,6,0,81.2,Create support page
BudgetReset,bill schedule template free,Template/download,4,52,43,4,Med,6,0,81.2,Create support page
BudgetReset,budget planner template free,Template/download,4,52,43,4,Med,6,0,81.2,Create support page
BudgetReset,paycheck budget calculator free,Tool/calculator,4,52,43,4,Med,6,0,81.2,Create support page
BudgetReset,paycheck budget planner free,Informational/support,4,52,43,4,Med,6,0,81.2,Create support page
BudgetReset,paycheck budget spreadsheet free,Template/download,4,52,43,4,Med,6,0,81.2,Create support page
BudgetReset,paycheck budget template free,Template/download,4,52,43,4,Med,6,0,81.2,Create support page
BudgetReset,debt snowball calculator free,Tool/calculator,4,70,58,4,Med,6,0,81.0,Create support page
AIStackCost,freed ai subscription cost,Informational/support,2,32,43,5,High,6,0,80.8,Create support page
BudgetReset,monthly bill calendar google sheets,Template/download,4,54,29,4,Med,5,0,80.8,Create support page
MoveBudget,moving house checklist free,Printable/checklist,4,52,43,4,Med-High,6,0,80.4,Create support page
BudgetReset,monthly bill calendar printable,Printable/checklist,4,70,43,4,Med,5,0,80.3,Create support page
BudgetReset,monthly bill calendar template,Template/download,4,70,43,4,Med,5,0,80.3,Create support page
MoveBudget,moving checklist free template,Template/download,4,70,58,4,Med-High,6,0,80.2,Create support page
MoveBudget,moving checklist printable free,Printable/checklist,4,70,58,4,Med-High,6,0,80.2,Create support page
MoveBudget,moving checklist template free,Template/download,4,70,58,4,Med-High,6,0,80.2,Create support page
BudgetReset,monthly bill calendar excel,Template/download,4,58,35,4,Med,5,0,79.6,Create support page
BudgetReset,50 30 20 calculator biweekly,Tool/calculator,4,48,29,4,Med,5,0,78.7,Create support page
BudgetReset,biweekly paycheck budget template google sheets,Template/download,4,48,29,4,Med,5,0,78.7,Create support page
BudgetReset,budget planner excel template download,Template/download,4,48,29,4,Med,5,0,78.7,Create support page
BudgetReset,excel budget template for small business,Template/download,4,48,29,4,Med,5,0,78.7,Create support page
BudgetReset,how to use google sheets monthly budget template,Template/download,4,48,29,4,Med,5,0,78.7,Create support page
BudgetReset,monthly paycheck budget template google sheets,Template/download,4,48,29,4,Med,5,0,78.7,Create support page
BudgetReset,weekly paycheck budget template google sheets,Template/download,4,48,29,4,Med,5,0,78.7,Create support page
BudgetReset,biweekly debt snowball calculator excel,Tool/calculator,4,66,44,4,Med,5,0,78.6,Create support page
MealPlanSheet,grocery list spreadsheet template free,Template/download,5,58,37,3,Low-Med,6,0,78.2,Create support page
MealPlanSheet,weekly meal plan free template,Template/download,5,58,37,3,Low-Med,6,0,78.2,Create support page
MealPlanSheet,weekly meal plan printable free,Printable/checklist,5,58,37,3,Low-Med,6,0,78.2,Create support page
MealPlanSheet,meal plan google sheets free,Template/download,4,48,29,3,Low-Med,6,0,78.1,Create support page
MealPlanSheet,meal plan google sheets template free,Template/download,4,48,29,3,Low-Med,6,0,78.1,Create support page
MealPlanSheet,meal plan template free editable,Template/download,4,48,29,3,Low-Med,6,0,78.1,Create support page
MealPlanSheet,meal plan template google sheets free download,Template/download,4,48,29,3,Low-Med,6,0,78.1,Create support page
MealPlanSheet,meal plan template pdf free,Template/download,4,48,29,3,Low-Med,6,0,78.1,Create support page
MealPlanSheet,meal plan template pdf free download,Template/download,4,48,29,3,Low-Med,6,0,78.1,Create support page
MealPlanSheet,meal plan template printable pdf free,Template/download,4,48,29,3,Low-Med,6,0,78.1,Create support page
MealPlanSheet,meal plan template printable pdf free download,Template/download,4,48,29,3,Low-Med,6,0,78.1,Create support page
MealPlanSheet,meal planner google sheets free,Template/download,4,48,29,3,Low-Med,6,0,78.1,Create support page
MealPlanSheet,meal planner google sheets template free,Template/download,4,48,29,3,Low-Med,6,0,78.1,Create support page
MealPlanSheet,meal planner printable pdf free,Printable/checklist,4,48,29,3,Low-Med,6,0,78.1,Create support page
MealPlanSheet,meal planner template excel free,Template/download,4,48,29,3,Low-Med,6,0,78.1,Create support page
MealPlanSheet,meal planner template excel free download,Template/download,4,48,29,3,Low-Med,6,0,78.1,Create support page
MealPlanSheet,meal planner template free excel,Template/download,4,48,29,3,Low-Med,6,0,78.1,Create support page
MealPlanSheet,meal planner template free google sheets,Template/download,4,48,29,3,Low-Med,6,0,78.1,Create support page
MealPlanSheet,meal planner template free pdf,Template/download,4,48,29,3,Low-Med,6,0,78.1,Create support page
MealPlanSheet,meal planner template free printable,Template/download,4,48,29,3,Low-Med,6,0,78.1,Create support page
MealPlanSheet,meal planner template google sheets free,Template/download,4,48,29,3,Low-Med,6,0,78.1,Create support page
MealPlanSheet,meal planner template pdf free,Template/download,4,48,29,3,Low-Med,6,0,78.1,Create support page
MealPlanSheet,meal planner template pdf free download,Template/download,4,48,29,3,Low-Med,6,0,78.1,Create support page
MealPlanSheet,meal planning template google sheets free,Template/download,4,48,29,3,Low-Med,6,0,78.1,Create support page
MealPlanSheet,weekly meal planner free download,Informational/support,5,76,52,3,Low-Med,6,0,78.0,Create support page
MealPlanSheet,weekly meal planner free template,Template/download,5,76,52,3,Low-Med,6,0,78.0,Create support page
MealPlanSheet,weekly meal planner printable free,Printable/checklist,5,76,52,3,Low-Med,6,0,78.0,Create support page
MealPlanSheet,weekly meal planner printable free download,Printable/checklist,5,76,52,3,Low-Med,6,0,78.0,Create support page
MealPlanSheet,weekly meal planner spreadsheet free,Template/download,5,76,52,3,Low-Med,6,0,78.0,Create support page
MealPlanSheet,weekly meal planner template free,Template/download,5,76,52,3,Low-Med,6,0,78.0,Create support page
MealPlanSheet,weekly meal planner template free download,Template/download,5,76,52,3,Low-Med,6,0,78.0,Create support page
MoveBudget,first apartment budget worksheet pdf,Template/download,4,48,29,4,Med-High,5,0,77.9,Create support page
MoveBudget,first apartment checklist on a budget pdf,Printable/checklist,4,48,29,4,Med-High,5,0,77.9,Create support page
MoveBudget,printable moving checklist apartment pdf,Printable/checklist,4,66,44,4,Med-High,5,0,77.8,Create support page
BudgetReset,budget planner template student,Template/download,4,52,35,4,Med,5,0,77.6,Create support page
MealPlanSheet,grocery list template excel south africa,Template/download,4,66,29,3,Low-Med,5,0,77.3,Create support page
MealPlanSheet,grocery list template google sheets,Template/download,4,66,29,3,Low-Med,5,0,77.3,Create support page
MealPlanSheet,grocery list template printable pdf,Template/download,4,66,29,3,Low-Med,5,0,77.3,Create support page
MealPlanSheet,printable grocery list template google sheets,Template/download,4,66,29,3,Low-Med,5,0,77.3,Create support page
MealPlanSheet,simple grocery list template google sheets,Template/download,4,66,29,3,Low-Med,5,0,77.3,Create support page
MealPlanSheet,weekly meal planner free,Informational/support,5,80,58,3,Low-Med,6,0,76.8,Create support page
MoveBudget,first apartment budget calculator,Tool/calculator,4,52,35,4,Med-High,5,0,76.8,Create support page
MoveBudget,first apartment budget template,Template/download,4,52,35,4,Med-High,5,0,76.8,Create support page
MoveBudget,apartment moving checklist pdf,Printable/checklist,4,70,50,4,Med-High,5,0,76.6,Create support page
MealPlanSheet,grocery list template excel,Template/download,4,70,35,3,Low-Med,5,0,76.1,Create support page
MealPlanSheet,grocery list template pdf,Template/download,4,70,35,3,Low-Med,5,0,76.1,Create support page
MoveBudget,moving cost calculator online,Tool/calculator,3,60,43,4,Med-High,5,0,76.1,Create support page
AIStackCost,best ai tools for designers free,Commercial comparison,2,28,52,5,High,6,0,75.7,Create support page
AIStackCost,best ai tools for freelance writers,Commercial comparison,2,28,52,5,High,6,0,75.7,Create support page
BudgetReset,zero based budget worksheet free,Template/download,2,28,37,4,Med,6,0,75.6,Create support page
BudgetReset,50 30 20 calculator weekly,Tool/calculator,4,48,37,4,Med,5,0,75.4,Create support page
BudgetReset,monthly bill payment calendar template,Template/download,4,48,37,4,Med,5,0,75.4,Create support page
BudgetReset,monthly bill tracker printable calendar,Printable/checklist,4,48,37,4,Med,5,0,75.4,Create support page
BudgetReset,monthly budget planner template printable,Template/download,4,48,37,4,Med,5,0,75.4,Create support page
BudgetReset,paycheck budget planner template digital download,Template/download,4,48,37,4,Med,5,0,75.4,Create support page
BudgetReset,50 30 20 budget calculator excel,Tool/calculator,3,38,29,4,Med,5,0,75.3,Create support page
BudgetReset,50 30 20 calculator excel,Tool/calculator,3,38,29,4,Med,5,0,75.3,Create support page
BudgetReset,50 30 20 calculator google sheets,Tool/calculator,3,38,29,4,Med,5,0,75.3,Create support page
BudgetReset,50 30 20 rule calculator excel,Tool/calculator,3,38,29,4,Med,5,0,75.3,Create support page
BudgetReset,bill calendar template google sheets,Template/download,3,38,29,4,Med,5,0,75.3,Create support page
BudgetReset,bill pay calendar template excel,Template/download,3,38,29,4,Med,5,0,75.3,Create support page
BudgetReset,bill payment schedule template excel,Template/download,3,38,29,4,Med,5,0,75.3,Create support page
BudgetReset,bill payment schedule template google sheets,Template/download,3,38,29,4,Med,5,0,75.3,Create support page
BudgetReset,budget calculator template google sheets,Tool/calculator,3,38,29,4,Med,5,0,75.3,Create support page
BudgetReset,budget calendar template google sheets,Template/download,3,38,29,4,Med,5,0,75.3,Create support page
BudgetReset,budget planner template google sheets,Template/download,3,38,29,4,Med,5,0,75.3,Create support page
BudgetReset,budget planner template google sheets indonesia,Template/download,3,38,29,4,Med,5,0,75.3,Create support page
BudgetReset,budget worksheet template google sheets,Template/download,3,38,29,4,Med,5,0,75.3,Create support page
BudgetReset,debt snowball avalanche calculator spreadsheet google sheets and excel template,Tool/calculator,3,38,29,4,Med,5,0,75.3,Create support page
BudgetReset,does excel have a calendar template,Template/download,3,38,29,4,Med,5,0,75.3,Create support page
BudgetReset,does google sheets have a budget template,Template/download,3,38,29,4,Med,5,0,75.3,Create support page
BudgetReset,does google sheets have a calendar template,Template/download,3,38,29,4,Med,5,0,75.3,Create support page
BudgetReset,financial planner template google sheets,Template/download,3,38,29,4,Med,5,0,75.3,Create support page
BudgetReset,how to make a calendar template in google sheets,Template/download,3,38,29,4,Med,5,0,75.3,Create support page
BudgetReset,how to use google sheets budget template,Template/download,3,38,29,4,Med,5,0,75.3,Create support page
BudgetReset,is there a calendar template in excel,Template/download,3,38,29,4,Med,5,0,75.3,Create support page
BudgetReset,paycheck budget template google sheets,Template/download,3,38,29,4,Med,5,0,75.3,Create support page
BudgetReset,simple paycheck budget template google sheets,Template/download,3,38,29,4,Med,5,0,75.3,Create support page
BudgetReset,zero balance budget template excel,Template/download,3,38,29,4,Med,5,0,75.3,Create support page
BudgetReset,zero balance budget template google sheets,Template/download,3,38,29,4,Med,5,0,75.3,Create support page
BudgetReset,zero based budget template excel,Template/download,3,38,29,4,Med,5,0,75.3,Create support page
BudgetReset,zero based budget template google sheets,Template/download,3,38,29,4,Med,5,0,75.3,Create support page
BudgetReset,zero based budget template pdf,Template/download,3,38,29,4,Med,5,0,75.3,Create support page
BudgetReset,zero based budget worksheet pdf,Template/download,3,38,29,4,Med,5,0,75.3,Create support page
BudgetReset,zero based budgeting example pdf,Printable/checklist,3,38,29,4,Med,5,0,75.3,Create support page
BudgetReset,automated debt snowball calculator excel,Tool/calculator,3,56,44,4,Med,5,0,75.2,Create support page
BudgetReset,debt snowball calculator excel template,Tool/calculator,3,56,44,4,Med,5,0,75.2,Create support page
BudgetReset,debt snowball calculator google sheets,Tool/calculator,3,56,44,4,Med,5,0,75.2,Create support page
BudgetReset,debt snowball calculator spreadsheet excel,Tool/calculator,3,56,44,4,Med,5,0,75.2,Create support page
BudgetReset,budget planner 2026 printable,Printable/checklist,3,50,40,4,Med,5,0,74.8,Create support page
BudgetReset,budget planner template 2026,Template/download,3,50,40,4,Med,5,0,74.8,Create support page
BudgetReset,budget spreadsheet template 2026,Template/download,3,50,40,4,Med,5,0,74.8,Create support page
MealPlanSheet,meal plan template printable free,Template/download,4,48,37,3,Low-Med,6,0,74.8,Create support page
MealPlanSheet,meal planner spreadsheet template free,Template/download,4,48,37,3,Low-Med,6,0,74.8,Create support page
MealPlanSheet,meal planner template free download,Template/download,4,48,37,3,Low-Med,6,0,74.8,Create support page
MealPlanSheet,meal planner template free online,Template/download,4,48,37,3,Low-Med,6,0,74.8,Create support page
MealPlanSheet,meal planner template free word,Template/download,4,48,37,3,Low-Med,6,0,74.8,Create support page
MealPlanSheet,meal planner template printable free,Template/download,4,48,37,3,Low-Med,6,0,74.8,Create support page
MealPlanSheet,meal prep calendar template free,Template/download,4,48,37,3,Low-Med,6,0,74.8,Create support page
MealPlanSheet,meal prep planner template free,Template/download,4,48,37,3,Low-Med,6,0,74.8,Create support page
MealPlanSheet,meal prep planner template free download,Template/download,4,48,37,3,Low-Med,6,0,74.8,Create support page
AIStackCost,ai tools for small businesses 2026,Commercial comparison,2,42,49,5,High,5,0,74.7,Create support page
AIStackCost,best ai tools for small business 2026,Commercial comparison,2,42,49,5,High,5,0,74.7,Create support page
AIStackCost,best ai tools for small business marketing 2026,Commercial comparison,2,42,49,5,High,5,0,74.7,Create support page
AIStackCost,is freelancer free for freelancers,Informational/support,3,38,29,5,High,4,0,74.7,Create support page
BudgetReset,how to create a monthly calendar in excel,Template/download,4,36,29,4,Med,5,0,74.7,Create support page
BudgetReset,how to create monthly calendar in google sheets,Template/download,4,36,29,4,Med,5,0,74.7,Create support page
BudgetReset,how to insert a monthly calendar in google sheets,Template/download,4,36,29,4,Med,5,0,74.7,Create support page
BudgetReset,how to make a monthly budget spreadsheet in excel,Template/download,4,36,29,4,Med,5,0,74.7,Create support page
BudgetReset,how to make a monthly calendar in google sheets,Template/download,4,36,29,4,Med,5,0,74.7,Create support page
BudgetReset,how to put monthly calendar in excel,Template/download,4,36,29,4,Med,5,0,74.7,Create support page
BudgetReset,monthly calendar in excel format,Template/download,4,36,29,4,Med,5,0,74.7,Create support page
MoveBudget,moving house checklist template excel,Template/download,3,38,29,4,Med-High,5,0,74.5,Create support page
MoveBudget,moving house checklist template pdf,Template/download,3,38,29,4,Med-High,5,0,74.5,Create support page
BudgetReset,paycheck budget worksheet free,Template/download,2,32,43,4,Med,6,0,74.4,Create support page
MoveBudget,moving checklist google sheets template,Template/download,3,56,44,4,Med-High,5,0,74.4,Create support page
MoveBudget,moving checklist template google sheets,Template/download,3,56,44,4,Med-High,5,0,74.4,Create support page
BudgetReset,bill calendar printable pdf,Printable/checklist,3,42,35,4,Med,5,0,74.2,Create support page
BudgetReset,bill calendar template excel,Template/download,3,42,35,4,Med,5,0,74.2,Create support page
BudgetReset,bill calendar template pdf,Template/download,3,42,35,4,Med,5,0,74.2,Create support page
BudgetReset,bill planner printable pdf,Printable/checklist,3,42,35,4,Med,5,0,74.2,Create support page
BudgetReset,bill planner template excel,Template/download,3,42,35,4,Med,5,0,74.2,Create support page
BudgetReset,bill planner template pdf,Template/download,3,42,35,4,Med,5,0,74.2,Create support page
BudgetReset,bill schedule template excel,Template/download,3,42,35,4,Med,5,0,74.2,Create support page
BudgetReset,budget calendar template excel,Template/download,3,42,35,4,Med,5,0,74.2,Create support page
BudgetReset,budget calendar template pdf,Template/download,3,42,35,4,Med,5,0,74.2,Create support page
BudgetReset,budget planner printable pdf,Printable/checklist,3,42,35,4,Med,5,0,74.2,Create support page
BudgetReset,budget planner template excel,Template/download,3,42,35,4,Med,5,0,74.2,Create support page
BudgetReset,budget planner template pdf,Template/download,3,42,35,4,Med,5,0,74.2,Create support page
BudgetReset,budget planning template excel,Template/download,3,42,35,4,Med,5,0,74.2,Create support page
BudgetReset,budget planning template pdf,Template/download,3,42,35,4,Med,5,0,74.2,Create support page
BudgetReset,budget worksheet template excel,Template/download,3,42,35,4,Med,5,0,74.2,Create support page
BudgetReset,budget worksheet template pdf,Template/download,3,42,35,4,Med,5,0,74.2,Create support page
BudgetReset,financial planner calculator excel,Tool/calculator,3,42,35,4,Med,5,0,74.2,Create support page
BudgetReset,financial planner template excel,Template/download,3,42,35,4,Med,5,0,74.2,Create support page
BudgetReset,financial planner template pdf,Template/download,3,42,35,4,Med,5,0,74.2,Create support page
BudgetReset,money planner template excel,Template/download,3,42,35,4,Med,5,0,74.2,Create support page
BudgetReset,monthly bill planner template,Template/download,4,52,43,4,Med,5,0,74.2,Create support page
BudgetReset,monthly bill schedule template,Template/download,4,52,43,4,Med,5,0,74.2,Create support page
BudgetReset,paycheck budget planner pdf,Printable/checklist,3,42,35,4,Med,5,0,74.2,Create support page
BudgetReset,paycheck budget template pdf,Template/download,3,42,35,4,Med,5,0,74.2,Create support page
BudgetReset,budget planner 2026 excel,Template/download,3,38,32,4,Med,5,0,74.1,Create support page
BudgetReset,debt snowball calculator excel,Tool/calculator,3,60,50,4,Med,5,0,74.0,Create support page
MealPlanSheet,grocery list template for kids,Template/download,4,66,37,3,Low-Med,5,0,73.9,Create support page
MealPlanSheet,grocery list template google docs,Template/download,4,66,37,3,Low-Med,5,0,73.9,Create support page
MealPlanSheet,grocery list template with prices,Template/download,4,66,37,3,Low-Med,5,0,73.9,Create support page
MealPlanSheet,printable grocery list template word,Template/download,4,66,37,3,Low-Med,5,0,73.9,Create support page
MoveBudget,checklist for moving into first apartment,Printable/checklist,4,36,29,4,Med-High,5,0,73.9,Create support page
MoveBudget,moving checklist for college student,Printable/checklist,4,54,44,4,Med-High,5,0,73.7,Create support page
MealPlanSheet,meal planner template free,Template/download,4,52,43,3,Low-Med,6,0,73.6,Create support page
MealPlanSheet,meal prep planner free,Informational/support,4,52,43,3,Low-Med,6,0,73.6,Create support page
BudgetReset,2026 monthly bill calendar,Printable/checklist,2,46,40,4,Med,5,0,73.4,Create support page
MoveBudget,new apartment budget template,Template/download,4,52,43,4,Med-High,5,0,73.4,Create support page
MoveBudget,apartment moving checklist printable,Printable/checklist,4,70,58,4,Med-High,5,0,73.2,Create support page
MoveBudget,apartment moving checklist template,Template/download,4,70,58,4,Med-High,5,0,73.2,Create support page
MoveBudget,house moving checklist pdf,Printable/checklist,3,60,50,4,Med-High,5,0,73.2,Create support page
MoveBudget,moving checklist template excel,Template/download,3,60,50,4,Med-High,5,0,73.2,Create support page
MoveBudget,moving checklist template pdf,Template/download,3,60,50,4,Med-High,5,0,73.2,Create support page
MealPlanSheet,grocery list template blank,Template/download,4,70,43,3,Low-Med,5,0,72.7,Create support page
MealPlanSheet,grocery list template printable,Template/download,4,70,43,3,Low-Med,5,0,72.7,Create support page
MealPlanSheet,grocery list template sheets,Template/download,4,70,43,3,Low-Med,5,0,72.7,Create support page
MealPlanSheet,grocery list template spreadsheet,Template/download,4,70,43,3,Low-Med,5,0,72.7,Create support page
MealPlanSheet,grocery list template word,Template/download,4,70,43,3,Low-Med,5,0,72.7,Create support page
MoveBudget,checklist for first apartment,Printable/checklist,4,40,35,4,Med-High,5,0,72.7,Create support page
MoveBudget,first apartment budget checklist,Printable/checklist,4,40,35,4,Med-High,5,0,72.7,Create support page
MoveBudget,first apartment budget spreadsheet,Template/download,4,40,35,4,Med-High,5,0,72.7,Create support page
MoveBudget,apartment moving checklist excel,Template/download,4,58,50,4,Med-High,5,0,72.5,Create support page
BudgetReset,50 30 20 calculator fortnightly,Tool/calculator,3,38,37,4,Med,5,0,72.0,Create support page
BudgetReset,50 30 20 calculator india,Tool/calculator,3,38,37,4,Med,5,0,72.0,Create support page
BudgetReset,50 30 20 calculator malaysia,Tool/calculator,3,38,37,4,Med,5,0,72.0,Create support page
BudgetReset,50 30 20 calculator online,Tool/calculator,3,38,37,4,Med,5,0,72.0,Create support page
BudgetReset,50 30 20 calculator philippines,Tool/calculator,3,38,37,4,Med,5,0,72.0,Create support page
BudgetReset,50 30 20 formula calculator,Tool/calculator,3,38,37,4,Med,5,0,72.0,Create support page
BudgetReset,50 30 20 rule calculator online,Tool/calculator,3,38,37,4,Med,5,0,72.0,Create support page
BudgetReset,bill payment schedule template printable,Template/download,3,38,37,4,Med,5,0,72.0,Create support page
BudgetReset,budget calculator 50 30 20 rule spreadsheet,Tool/calculator,3,38,37,4,Med,5,0,72.0,Create support page
BudgetReset,debt payoff snowball calculator spreadsheet,Tool/calculator,3,38,37,4,Med,5,0,72.0,Create support page
BudgetReset,debt snowball avalanche calculator spreadsheet,Tool/calculator,3,38,37,4,Med,5,0,72.0,Create support page
BudgetReset,does google have a calendar template,Template/download,3,38,37,4,Med,5,0,72.0,Create support page
BudgetReset,does microsoft word have a calendar template,Template/download,3,38,37,4,Med,5,0,72.0,Create support page
BudgetReset,does microsoft word have a printable calendar,Printable/checklist,3,38,37,4,Med,5,0,72.0,Create support page
BudgetReset,how to make a budget plan template,Template/download,3,38,37,4,Med,5,0,72.0,Create support page
BudgetReset,is there a calendar template in google docs,Template/download,3,38,37,4,Med,5,0,72.0,Create support page
BudgetReset,is there a calendar template in microsoft word,Template/download,3,38,37,4,Med,5,0,72.0,Create support page
BudgetReset,is there a calendar template in word,Template/download,3,38,37,4,Med,5,0,72.0,Create support page
BudgetReset,is there a printable calendar in word,Printable/checklist,3,38,37,4,Med,5,0,72.0,Create support page
BudgetReset,printable calendar with day count,Printable/checklist,3,38,37,4,Med,5,0,72.0,Create support page
BudgetReset,zero balance budget template google docs,Template/download,3,38,37,4,Med,5,0,72.0,Create support page
BudgetReset,zero based budget spreadsheet template,Template/download,3,38,37,4,Med,5,0,72.0,Create support page
BudgetReset,zero based budget template printable,Template/download,3,38,37,4,Med,5,0,72.0,Create support page
BudgetReset,zero based budget template sheets,Template/download,3,38,37,4,Med,5,0,72.0,Create support page
BudgetReset,zero based budget worksheet template google spreadsheet,Template/download,3,38,37,4,Med,5,0,72.0,Create support page
BudgetReset,debt snowball calculator with amortization,Tool/calculator,3,56,52,4,Med,5,0,71.8,Create support page
BudgetReset,budget planner for weekly pay,Informational/support,4,36,37,4,Med,5,0,71.3,Create support page
BudgetReset,can you make a calendar in google sheets,Template/download,3,26,29,4,Med,5,0,71.3,Create support page
BudgetReset,excel formula for calendar days in a month,Template/download,3,26,29,4,Med,5,0,71.3,Create support page
BudgetReset,google sheets loan payment formula,Template/download,3,26,29,4,Med,5,0,71.3,Create support page
BudgetReset,how to create a weekly budget spreadsheet,Template/download,4,36,37,4,Med,5,0,71.3,Create support page
BudgetReset,how to make a google sheets budget,Template/download,3,26,29,4,Med,5,0,71.3,Create support page
BudgetReset,how to make a monthly budget planner,Informational/support,4,36,37,4,Med,5,0,71.3,Create support page
BudgetReset,how to make a monthly budget spreadsheet,Template/download,4,36,37,4,Med,5,0,71.3,Create support page
BudgetReset,how to make a small business budget spreadsheet,Template/download,4,36,37,4,Med,5,0,71.3,Create support page
BudgetReset,how to make your own budget planner on excel,Template/download,3,26,29,4,Med,5,0,71.3,Create support page
BudgetReset,making a budget with google sheets,Template/download,3,26,29,4,Med,5,0,71.3,Create support page
BudgetReset,paycheck budget planner google sheets,Template/download,3,26,29,4,Med,5,0,71.3,Create support page
BudgetReset,zero based budget excel spreadsheet,Template/download,3,26,29,4,Med,5,0,71.3,Create support page
MoveBudget,moving house checklist template word,Template/download,3,38,37,4,Med-High,5,0,71.2,Create support page
MoveBudget,office moving cost estimator calculator,Tool/calculator,3,38,37,4,Med-High,5,0,71.2,Create support page
MealPlanSheet,grocery list budget template google sheets,Template/download,4,48,29,3,Low-Med,5,0,71.1,Create support page
MealPlanSheet,grocery shopping list template excel,Template/download,4,48,29,3,Low-Med,5,0,71.1,Create support page
MealPlanSheet,grocery shopping list template google sheets,Template/download,4,48,29,3,Low-Med,5,0,71.1,Create support page
MealPlanSheet,grocery shopping template google sheets,Template/download,4,48,29,3,Low-Med,5,0,71.1,Create support page
MealPlanSheet,meal planner template excel download,Template/download,4,48,29,3,Low-Med,5,0,71.1,Create support page
MealPlanSheet,weekly meal plan google sheets template,Template/download,4,48,29,3,Low-Med,5,0,71.1,Create support page
MealPlanSheet,weekly meal plan pdf template,Template/download,4,48,29,3,Low-Med,5,0,71.1,Create support page
MealPlanSheet,weekly meal planner excel template,Template/download,4,66,44,3,Low-Med,5,0,71.0,Create support page
MealPlanSheet,weekly meal planner google sheets template,Template/download,4,66,44,3,Low-Med,5,0,71.0,Create support page
MealPlanSheet,weekly meal planner pdf template,Template/download,4,66,44,3,Low-Med,5,0,71.0,Create support page
MealPlanSheet,weekly meal planner printable pdf,Printable/checklist,4,66,44,3,Low-Med,5,0,71.0,Create support page
MealPlanSheet,weekly meal planner template google sheets,Template/download,4,66,44,3,Low-Med,5,0,71.0,Create support page
MealPlanSheet,weekly meal planner template pdf,Template/download,4,66,44,3,Low-Med,5,0,71.0,Create support page
MoveBudget,moving checklist google docs template,Template/download,3,56,52,4,Med-High,5,0,71.0,Create support page
MoveBudget,moving checklist template google docs,Template/download,3,56,52,4,Med-High,5,0,71.0,Create support page
MoveBudget,printable house moving checklist template,Template/download,3,56,52,4,Med-High,5,0,71.0,Create support page
BudgetReset,50 30 20 calculator,Tool/calculator,3,42,43,4,Med,5,0,70.8,Create support page
BudgetReset,bill calendar template printable,Template/download,3,42,43,4,Med,5,0,70.8,Create support page
BudgetReset,budget calendar template printable,Template/download,3,42,43,4,Med,5,0,70.8,Create support page
BudgetReset,budget planner template printable,Template/download,3,42,43,4,Med,5,0,70.8,Create support page
BudgetReset,budget planner template sheets,Template/download,3,42,43,4,Med,5,0,70.8,Create support page
BudgetReset,budget planner template spreadsheet,Template/download,3,42,43,4,Med,5,0,70.8,Create support page
BudgetReset,budget spreadsheet template printable,Template/download,3,42,43,4,Med,5,0,70.8,Create support page
BudgetReset,budget templates for numbers,Template/download,3,42,43,4,Med,5,0,70.8,Create support page
BudgetReset,financial planner template spreadsheet,Template/download,3,42,43,4,Med,5,0,70.8,Create support page
BudgetReset,paycheck budget planner printable,Printable/checklist,3,42,43,4,Med,5,0,70.8,Create support page
BudgetReset,paycheck budget planner template,Template/download,3,42,43,4,Med,5,0,70.8,Create support page
BudgetReset,paycheck budget spreadsheet template,Template/download,3,42,43,4,Med,5,0,70.8,Create support page
AIStackCost,ai tools for small business accounting,Commercial comparison,2,34,52,5,High,5,0,70.7,Create support page
AIStackCost,ai tools for small business automation,Commercial comparison,2,34,52,5,High,5,0,70.7,Create support page
AIStackCost,ai tools for small business marketing,Commercial comparison,2,34,52,5,High,5,0,70.7,Create support page
AIStackCost,ai tools for small business owners,Commercial comparison,2,34,52,5,High,5,0,70.7,Create support page
BudgetReset,debt snowball calculator online,Tool/calculator,3,60,58,4,Med,5,0,70.6,Create support page
BudgetReset,debt snowball calculator spreadsheet,Tool/calculator,3,60,58,4,Med,5,0,70.6,Create support page
BudgetReset,debt snowball calculator template,Tool/calculator,3,60,58,4,Med,5,0,70.6,Create support page
MealPlanSheet,meal planner template free notion,Template/download,4,48,47,3,Low-Med,6,0,70.6,Create support page
MoveBudget,checklist before moving into an apartment,Printable/checklist,4,36,37,4,Med-High,5,0,70.5,Create support page
MoveBudget,how to do checklist in google sheets,Template/download,3,26,29,4,Med-High,5,0,70.5,Create support page
MoveBudget,moving house checklist google sheets,Template/download,3,26,29,4,Med-High,5,0,70.5,Create support page
MoveBudget,moving out checklist google sheets,Template/download,3,26,29,4,Med-High,5,0,70.5,Create support page
MoveBudget,moving checklist spreadsheet google sheets,Template/download,3,44,44,4,Med-High,5,0,70.3,Create support page
BudgetReset,paycheck budget planner excel,Template/download,3,30,35,4,Med,5,0,70.1,Create support page
MealPlanSheet,grocery checklist template excel,Template/download,4,52,35,3,Low-Med,5,0,70.0,Create support page
MealPlanSheet,grocery checklist template pdf,Template/download,4,52,35,3,Low-Med,5,0,70.0,Create support page
MealPlanSheet,grocery list example pdf,Printable/checklist,4,52,35,3,Low-Med,5,0,70.0,Create support page
MealPlanSheet,grocery list format pdf,Printable/checklist,4,52,35,3,Low-Med,5,0,70.0,Create support page
MealPlanSheet,grocery list printable pdf,Printable/checklist,4,52,35,3,Low-Med,5,0,70.0,Create support page
MealPlanSheet,grocery shopping template excel,Template/download,4,52,35,3,Low-Med,5,0,70.0,Create support page
MealPlanSheet,grocery shopping template pdf,Template/download,4,52,35,3,Low-Med,5,0,70.0,Create support page
MealPlanSheet,student meal plan template,Template/download,4,52,35,3,Low-Med,5,0,70.0,Create support page
MealPlanSheet,weekly meal plan pdf,Printable/checklist,4,52,35,3,Low-Med,5,0,70.0,Create support page
MealPlanSheet,weekly menu planner pdf,Printable/checklist,4,52,35,3,Low-Med,5,0,70.0,Create support page
MoveBudget,cost of moving calculator,Tool/calculator,3,42,43,4,Med-High,5,0,70.0,Create support page
MoveBudget,first home budget calculator,Tool/calculator,3,42,43,4,Med-High,5,0,70.0,Create support page
MoveBudget,first home budget template,Template/download,3,42,43,4,Med-High,5,0,70.0,Create support page
MealPlanSheet,weekly meal planner pdf,Printable/checklist,4,70,50,3,Low-Med,5,0,69.8,Create support page
MoveBudget,house moving checklist printable,Printable/checklist,3,60,58,4,Med-High,5,0,69.8,Create support page
MoveBudget,house moving checklist template,Template/download,3,60,58,4,Med-High,5,0,69.8,Create support page
MoveBudget,moving checklist template word,Template/download,3,60,58,4,Med-High,5,0,69.8,Create support page
AIStackCost,ai monthly cost comparison,Informational/support,2,20,43,5,High,5,0,69.7,Create support page
MoveBudget,checklist in google sheets,Template/download,3,30,35,4,Med-High,5,0,69.3,Create support page
MoveBudget,moving house checklist excel,Template/download,3,30,35,4,Med-High,5,0,69.3,Create support page
MoveBudget,new apartment budget spreadsheet,Template/download,4,40,43,4,Med-High,5,0,69.3,Create support page
MoveBudget,moving checklist google sheets,Template/download,3,48,50,4,Med-High,5,0,69.1,Create support page
AIStackCost,best ai tool for ppt maker free,Commercial comparison,2,28,37,5,High,4,0,68.0,Create support page
AIStackCost,full stack ai tool free,Informational/support,2,28,37,5,High,4,0,68.0,Create support page
AIStackCost,how to get ai for free,Informational/support,2,28,37,5,High,4,0,68.0,Create support page
AIStackCost,how to make your own ai assistant for free,Informational/support,2,28,37,5,High,4,0,68.0,Create support page
BudgetReset,easy to use budget planner,Informational/support,3,26,37,4,Med,5,0,67.9,Create support page
BudgetReset,how to make a simple budget spreadsheet,Template/download,3,26,37,4,Med,5,0,67.9,Create support page
MealPlanSheet,grocery list printable for kids,Printable/checklist,4,48,37,3,Low-Med,5,0,67.8,Create support page
MealPlanSheet,grocery shopping list template for kids,Template/download,4,48,37,3,Low-Med,5,0,67.8,Create support page
MealPlanSheet,grocery shopping list template printable,Template/download,4,48,37,3,Low-Med,5,0,67.8,Create support page
MealPlanSheet,how to write a small business plan template,Template/download,4,48,37,3,Low-Med,5,0,67.8,Create support page
MealPlanSheet,meal plan template printable monthly,Template/download,4,48,37,3,Low-Med,5,0,67.8,Create support page
MealPlanSheet,menu template for small business,Template/download,4,48,37,3,Low-Med,5,0,67.8,Create support page
MealPlanSheet,monthly meal prep planner template,Template/download,4,48,37,3,Low-Med,5,0,67.8,Create support page
MealPlanSheet,weekly meal prep planner printable,Printable/checklist,4,48,37,3,Low-Med,5,0,67.8,Create support page
MealPlanSheet,weekly meal prep planner template,Template/download,4,48,37,3,Low-Med,5,0,67.8,Create support page
MealPlanSheet,diet plan template google sheets,Template/download,3,38,29,3,Low-Med,5,0,67.7,Create support page
MealPlanSheet,dinner planner template google sheets,Template/download,3,38,29,3,Low-Med,5,0,67.7,Create support page
MealPlanSheet,food list template google sheets,Template/download,3,38,29,3,Low-Med,5,0,67.7,Create support page
MealPlanSheet,food planner template google sheets,Template/download,3,38,29,3,Low-Med,5,0,67.7,Create support page
MealPlanSheet,keto meal prep plan pdf,Printable/checklist,3,38,29,3,Low-Med,5,0,67.7,Create support page
MealPlanSheet,meal plan google sheets template,Template/download,3,38,29,3,Low-Med,5,0,67.7,Create support page
MealPlanSheet,meal plan template google sheets,Template/download,3,38,29,3,Low-Med,5,0,67.7,Create support page
MealPlanSheet,meal plan template printable pdf,Template/download,3,38,29,3,Low-Med,5,0,67.7,Create support page
MealPlanSheet,meal planner google sheets template,Template/download,3,38,29,3,Low-Med,5,0,67.7,Create support page
MealPlanSheet,meal planner template google sheets,Template/download,3,38,29,3,Low-Med,5,0,67.7,Create support page
MealPlanSheet,meal prep business plan pdf,Printable/checklist,3,38,29,3,Low-Med,5,0,67.7,Create support page
MealPlanSheet,meal prep king plan pdf,Printable/checklist,3,38,29,3,Low-Med,5,0,67.7,Create support page
MealPlanSheet,meal prep planner template excel,Template/download,3,38,29,3,Low-Med,5,0,67.7,Create support page
MealPlanSheet,meal prep planner template google sheets,Template/download,3,38,29,3,Low-Med,5,0,67.7,Create support page
MealPlanSheet,meal prep planner template pdf,Template/download,3,38,29,3,Low-Med,5,0,67.7,Create support page
MealPlanSheet,meal schedule template google sheets,Template/download,3,38,29,3,Low-Med,5,0,67.7,Create support page
MealPlanSheet,weekly meal planner google docs template,Template/download,4,66,52,3,Low-Med,5,0,67.6,Create support page
MealPlanSheet,weekly meal planner printable black and white,Printable/checklist,4,66,52,3,Low-Med,5,0,67.6,Create support page
MealPlanSheet,weekly meal planner template google docs,Template/download,4,66,52,3,Low-Med,5,0,67.6,Create support page
MealPlanSheet,weekly meal planner template spreadsheet,Template/download,4,66,52,3,Low-Med,5,0,67.6,Create support page
MealPlanSheet,weekly meal planner template with grocery list,Template/download,4,66,52,3,Low-Med,5,0,67.6,Create support page
MealPlanSheet,weekly meal planner template word,Template/download,4,66,52,3,Low-Med,5,0,67.6,Create support page
AIStackCost,ai subscription cost in india,Informational/support,1,6,37,5,High,5,0,67.5,Create support page
AIStackCost,ai subscription cost per month,Informational/support,1,6,37,5,High,5,0,67.5,Create support page
AIStackCost,ai tools for advertising agencies,Commercial comparison,1,6,37,5,High,5,0,67.5,Create support page
AIStackCost,ai tools for contract review,Commercial comparison,1,6,37,5,High,5,0,67.5,Create support page
AIStackCost,ai tools for creative agencies,Commercial comparison,1,6,37,5,High,5,0,67.5,Create support page
AIStackCost,ai tools for insurance agencies,Commercial comparison,1,6,37,5,High,5,0,67.5,Create support page
AIStackCost,ai tools for marketing agencies,Commercial comparison,1,6,37,5,High,5,0,67.5,Create support page
AIStackCost,ai tools for pr agencies,Commercial comparison,1,6,37,5,High,5,0,67.5,Create support page
AIStackCost,ai tools for recruitment agencies,Commercial comparison,1,6,37,5,High,5,0,67.5,Create support page
AIStackCost,ai tools for staffing agencies,Commercial comparison,1,6,37,5,High,5,0,67.5,Create support page
AIStackCost,chatgpt vs claude api cost,Informational/support,1,6,37,5,High,5,0,67.5,Create support page
AIStackCost,chatgpt vs claude pricing comparison,Informational/support,1,6,37,5,High,5,0,67.5,Create support page
AIStackCost,chatgpt vs claude vs gemini cost,Informational/support,1,6,37,5,High,5,0,67.5,Create support page
AIStackCost,how much does ai cost,Informational/support,1,6,37,5,High,5,0,67.5,Create support page
AIStackCost,perplexity vs chatgpt vs claude cost,Informational/support,1,6,37,5,High,5,0,67.5,Create support page
MoveBudget,movers checklist pdf,Printable/checklist,2,32,41,4,Med-High,5,0,67.5,Create support page
MoveBudget,relocation checklist pdf,Printable/checklist,2,32,41,4,Med-High,5,0,67.5,Create support page
MoveBudget,moving checklist pdf,Printable/checklist,2,50,56,4,Med-High,5,0,67.3,Create support page
MealPlanSheet,weekly meal plan google sheets,Template/download,4,36,29,3,Low-Med,5,0,67.1,Create support page
MealPlanSheet,weekly menu planner google sheets,Template/download,4,36,29,3,Low-Med,5,0,67.1,Create support page
MoveBudget,moving in cleaning supplies checklist,Printable/checklist,3,26,37,4,Med-High,5,0,67.1,Create support page
MoveBudget,moving out cleaning supplies checklist,Printable/checklist,3,26,37,4,Med-High,5,0,67.1,Create support page
MoveBudget,what to do when you move checklist,Printable/checklist,3,26,37,4,Med-High,5,0,67.1,Create support page
MealPlanSheet,weekly meal planner excel sheet,Template/download,4,54,44,3,Low-Med,5,0,66.9,Create support page
MealPlanSheet,weekly meal planner google sheets,Template/download,4,54,44,3,Low-Med,5,0,66.9,Create support page
MoveBudget,moving checklist things to do,Printable/checklist,3,44,52,4,Med-High,5,0,66.9,Create support page
BudgetReset,free printable monthly bill calendar 2025,Printable/checklist,5,51,29,4,Med,6,0,66.8,Create support page
BudgetReset,paycheck budget planner book,Informational/support,3,30,43,4,Med,5,0,66.7,Create support page
BudgetReset,paycheck budget planner nearby,Informational/support,3,30,43,4,Med,5,0,66.7,Create support page
BudgetReset,budget planner template notion,Template/download,3,42,53,4,Med,5,0,66.6,Create support page
MealPlanSheet,dinner planner template excel,Template/download,3,42,35,3,Low-Med,5,0,66.6,Create support page
MealPlanSheet,food list template excel,Template/download,3,42,35,3,Low-Med,5,0,66.6,Create support page
MealPlanSheet,food planner template excel,Template/download,3,42,35,3,Low-Med,5,0,66.6,Create support page
MealPlanSheet,food planner template pdf,Template/download,3,42,35,3,Low-Med,5,0,66.6,Create support page
MealPlanSheet,grocery list checklist printable,Printable/checklist,4,52,43,3,Low-Med,5,0,66.6,Create support page
MealPlanSheet,grocery list checklist template,Template/download,4,52,43,3,Low-Med,5,0,66.6,Create support page
MealPlanSheet,grocery list form template,Template/download,4,52,43,3,Low-Med,5,0,66.6,Create support page
MealPlanSheet,grocery shopping checklist printable,Printable/checklist,4,52,43,3,Low-Med,5,0,66.6,Create support page
MealPlanSheet,grocery shopping checklist template,Template/download,4,52,43,3,Low-Med,5,0,66.6,Create support page
MealPlanSheet,grocery shopping spreadsheet template,Template/download,4,52,43,3,Low-Med,5,0,66.6,Create support page
MealPlanSheet,healthy meal plan pdf,Printable/checklist,3,42,35,3,Low-Med,5,0,66.6,Create support page
MealPlanSheet,meal calendar template excel,Template/download,3,42,35,3,Low-Med,5,0,66.6,Create support page
MealPlanSheet,meal plan template excel,Template/download,3,42,35,3,Low-Med,5,0,66.6,Create support page
MealPlanSheet,meal plan template pdf,Template/download,3,42,35,3,Low-Med,5,0,66.6,Create support page
MealPlanSheet,meal planner printable pdf,Printable/checklist,3,42,35,3,Low-Med,5,0,66.6,Create support page
MealPlanSheet,meal planner template excel,Template/download,3,42,35,3,Low-Med,5,0,66.6,Create support page
MealPlanSheet,meal planner template pdf,Template/download,3,42,35,3,Low-Med,5,0,66.6,Create support page
MealPlanSheet,meal prep plan pdf,Printable/checklist,3,42,35,3,Low-Med,5,0,66.6,Create support page
MealPlanSheet,meal prep planner pdf,Printable/checklist,3,42,35,3,Low-Med,5,0,66.6,Create support page
MealPlanSheet,meal schedule template excel,Template/download,3,42,35,3,Low-Med,5,0,66.6,Create support page
MealPlanSheet,meal schedule template pdf,Template/download,3,42,35,3,Low-Med,5,0,66.6,Create support page
MealPlanSheet,recipe planner template excel,Template/download,3,42,35,3,Low-Med,5,0,66.6,Create support page
MealPlanSheet,weekly meal plan calculator,Tool/calculator,4,52,43,3,Low-Med,5,0,66.6,Create support page
MealPlanSheet,weekly meal plan printable,Printable/checklist,4,52,43,3,Low-Med,5,0,66.6,Create support page
AIStackCost,ai tools for freelancers 2025,Commercial comparison,3,31,29,5,High,6,0,66.4,Create support page
MealPlanSheet,weekly meal planner template,Template/download,4,70,58,3,Low-Med,5,0,66.4,Create support page
AIStackCost,agentic ai tool stack,Informational/support,1,10,43,5,High,5,0,66.3,Create support page
AIStackCost,ai engineer tool stack,Informational/support,1,10,43,5,High,5,0,66.3,Create support page
AIStackCost,ai subscription cost analysis,Informational/support,1,10,43,5,High,5,0,66.3,Create support page
AIStackCost,ai subscription cost comparison,Informational/support,1,10,43,5,High,5,0,66.3,Create support page
AIStackCost,ai tools for companies,Commercial comparison,1,10,43,5,High,5,0,66.3,Create support page
AIStackCost,best ai tool stack,Commercial comparison,1,10,43,5,High,5,0,66.3,Create support page
AIStackCost,generative ai tool stack,Informational/support,1,10,43,5,High,5,0,66.3,Create support page
MealPlanSheet,weekly meal planner 2026,Informational/support,4,66,55,3,Low-Med,5,0,66.3,Create support page
MealPlanSheet,weekly dinner planner excel,Template/download,4,40,35,3,Low-Med,5,0,65.9,Create support page
MoveBudget,first apartment budget worksheet,Template/download,2,20,35,4,Med-High,5,0,65.9,Create support page
MoveBudget,first home budget planner,Informational/support,3,30,43,4,Med-High,5,0,65.9,Create support page
MoveBudget,moving house checklist spreadsheet,Template/download,3,30,43,4,Med-High,5,0,65.9,Create support page
MoveBudget,moving out supplies checklist,Printable/checklist,3,30,43,4,Med-High,5,0,65.9,Create support page
MoveBudget,moving checklist address change,Printable/checklist,3,48,58,4,Med-High,5,0,65.8,Create support page
MoveBudget,moving checklist for kids,Printable/checklist,3,48,58,4,Med-High,5,0,65.8,Create support page
MoveBudget,moving checklist google docs,Printable/checklist,3,48,58,4,Med-High,5,0,65.8,Create support page
MealPlanSheet,weekly meal planner excel,Template/download,4,58,50,3,Low-Med,5,0,65.7,Create support page
AIStackCost,best ai tools for content creators 2026,Commercial comparison,1,14,49,5,High,5,0,65.2,Create support page
AIStackCost,best ai tools for designers 2026,Commercial comparison,1,14,49,5,High,5,0,65.2,Create support page
AIStackCost,best ai tools for graphic designers 2026,Commercial comparison,1,14,49,5,High,5,0,65.2,Create support page
BudgetReset,50/30/20 rule calculator,Tool/calculator,2,32,49,4,Med,5,0,64.9,Create support page
BudgetReset,bill calendar template,Template/download,2,32,49,4,Med,5,0,64.9,Create support page
BudgetReset,bill planner template,Template/download,2,32,49,4,Med,5,0,64.9,Create support page
BudgetReset,bill schedule template,Template/download,2,32,49,4,Med,5,0,64.9,Create support page
BudgetReset,budget planner template,Template/download,2,32,49,4,Med,5,0,64.9,Create support page
MealPlanSheet,meal planner template for kids,Template/download,3,38,37,3,Low-Med,5,0,64.4,Create support page
MealPlanSheet,meal planner template google docs,Template/download,3,38,37,3,Low-Med,5,0,64.4,Create support page
MoveBudget,moving supplies calculator,Tool/calculator,2,32,49,4,Med-High,5,0,64.1,Create support page
MoveBudget,packing boxes calculator,Tool/calculator,2,32,49,4,Med-High,5,0,64.1,Create support page
MoveBudget,packing material calculator,Tool/calculator,2,32,49,4,Med-High,5,0,64.1,Create support page
MoveBudget,relocation checklist template,Template/download,2,32,49,4,Med-High,5,0,64.1,Create support page
MoveBudget,moving checklist template,Template/download,2,50,64,4,Med-High,5,0,63.9,Create support page
AIStackCost,ai monthly cost,Informational/support,1,10,49,5,High,5,0,63.8,Create support page
MealPlanSheet,how to make a planner on google sheets,Template/download,3,26,29,3,Low-Med,5,0,63.7,Create support page
MealPlanSheet,meal prep planner google sheets,Template/download,3,26,29,3,Low-Med,5,0,63.7,Create support page
MealPlanSheet,weekly meal planner google docs,Informational/support,4,54,52,3,Low-Med,5,0,63.5,Create support page
MealPlanSheet,weekly meal planner on a budget,Informational/support,4,54,52,3,Low-Med,5,0,63.5,Create support page
MealPlanSheet,weekly meal planner with grocery list,Informational/support,4,54,52,3,Low-Med,5,0,63.5,Create support page
MealPlanSheet,weekly meal planner with recipes,Informational/support,4,54,52,3,Low-Med,5,0,63.5,Create support page
MoveBudget,relocation checklist excel,Template/download,2,20,41,4,Med-High,5,0,63.4,Create support page
MealPlanSheet,budget meal plan template,Template/download,3,42,43,3,Low-Med,5,0,63.2,Create support page
MealPlanSheet,dinner planner template printable,Template/download,3,42,43,3,Low-Med,5,0,63.2,Create support page
MealPlanSheet,food list spreadsheet template,Template/download,3,42,43,3,Low-Med,5,0,63.2,Create support page
MealPlanSheet,healthy meal plan calculator,Tool/calculator,3,42,43,3,Low-Med,5,0,63.2,Create support page
MealPlanSheet,meal plan list template,Template/download,3,42,43,3,Low-Med,5,0,63.2,Create support page
MealPlanSheet,meal plan template print,Template/download,3,42,43,3,Low-Med,5,0,63.2,Create support page
MealPlanSheet,meal plan template printable,Template/download,3,42,43,3,Low-Med,5,0,63.2,Create support page
MealPlanSheet,meal planner template printable,Template/download,3,42,43,3,Low-Med,5,0,63.2,Create support page
MealPlanSheet,meal planner template sheets,Template/download,3,42,43,3,Low-Med,5,0,63.2,Create support page
MealPlanSheet,meal planner template spreadsheet,Template/download,3,42,43,3,Low-Med,5,0,63.2,Create support page
MealPlanSheet,meal planner template word,Template/download,3,42,43,3,Low-Med,5,0,63.2,Create support page
MealPlanSheet,meal prep calendar printable,Printable/checklist,3,42,43,3,Low-Med,5,0,63.2,Create support page
MealPlanSheet,meal prep calendar template,Template/download,3,42,43,3,Low-Med,5,0,63.2,Create support page
MealPlanSheet,meal prep plan calculator,Tool/calculator,3,42,43,3,Low-Med,5,0,63.2,Create support page
MealPlanSheet,meal prep plan printable,Printable/checklist,3,42,43,3,Low-Med,5,0,63.2,Create support page
MealPlanSheet,meal prep planner printable,Printable/checklist,3,42,43,3,Low-Med,5,0,63.2,Create support page
MealPlanSheet,meal prep planner template,Template/download,3,42,43,3,Low-Med,5,0,63.2,Create support page
MealPlanSheet,meal prep planning template,Template/download,3,42,43,3,Low-Med,5,0,63.2,Create support page
MealPlanSheet,meal prep schedule template,Template/download,3,42,43,3,Low-Med,5,0,63.2,Create support page
MoveBudget,apartment moving checklist,Printable/checklist,3,48,64,4,Med-High,5,0,63.2,Create support page
MoveBudget,moving checklist apartment,Printable/checklist,3,48,64,4,Med-High,5,0,63.2,Create support page
MoveBudget,moving checklist excel,Template/download,2,38,56,4,Med-High,5,0,63.2,Create support page
MealPlanSheet,indian grocery list checklist,Printable/checklist,4,40,43,3,Low-Med,5,0,62.5,Create support page
MealPlanSheet,meal plan google sheets,Template/download,3,30,35,3,Low-Med,5,0,62.5,Create support page
MealPlanSheet,meal planner google sheets,Template/download,3,30,35,3,Low-Med,5,0,62.5,Create support page
MealPlanSheet,meal prep planner excel,Template/download,3,30,35,3,Low-Med,5,0,62.5,Create support page
MealPlanSheet,weekly meal planner ideas,Informational/support,4,58,58,3,Low-Med,5,0,62.4,Create support page
MealPlanSheet,weekly meal planner spreadsheet,Template/download,4,58,58,3,Low-Med,5,0,62.4,Create support page
MealPlanSheet,weekly meal planner whiteboard,Informational/support,4,58,58,3,Low-Med,5,0,62.4,Create support page
AIStackCost,ai membership cost,Informational/support,0,5,49,5,High,5,0,62.1,Create support page
AIStackCost,ai tool stacking,Informational/support,0,5,49,5,High,5,0,62.1,Create support page
AIStackCost,genai tool stack,Informational/support,0,5,49,5,High,5,0,62.1,Create support page
AIStackCost,best ai tools for agencies,Commercial comparison,1,6,52,5,High,5,0,61.2,Create support page
AIStackCost,best ai tools for content creators,Commercial comparison,1,6,52,5,High,5,0,61.2,Create support page
AIStackCost,best ai tools for creators,Commercial comparison,1,6,52,5,High,5,0,61.2,Create support page
AIStackCost,best ai tools for designers,Commercial comparison,1,6,52,5,High,5,0,61.2,Create support page
AIStackCost,best ai tools for founders,Commercial comparison,1,6,52,5,High,5,0,61.2,Create support page
BudgetReset,how many years in a perpetual calendar,Printable/checklist,1,6,37,4,Med,5,0,61.1,Create support page
AIStackCost,ai alternative free,Informational/support,1,22,49,5,High,4,0,60.9,Create support page
AIStackCost,is ai free,Informational/support,1,22,49,5,High,4,0,60.9,Create support page
BudgetReset,budget planner example,Informational/support,2,20,49,4,Med,5,0,60.8,Create support page
BudgetReset,budget planner ideas,Informational/support,2,20,49,4,Med,5,0,60.8,Create support page
BudgetReset,paycheck budget planner,Informational/support,2,20,49,4,Med,5,0,60.8,Create support page
BudgetReset,how to do monthly budget on excel,Template/download,4,36,29,4,Med,3,0,60.7,Create support page
MealPlanSheet,meal prep planner with macros,Informational/support,3,26,37,3,Low-Med,5,0,60.3,Create support page
MealPlanSheet,menu planner for school meals,Informational/support,3,26,37,3,Low-Med,5,0,60.3,Create support page
MoveBudget,moving cost estimate no email,Informational/support,2,16,29,4,Med-High,4,0,60.1,Create support page
MealPlanSheet,student food planner,Informational/support,3,30,41,3,Low-Med,5,0,60.0,Create support page
MoveBudget,checklist for moving,Printable/checklist,2,20,49,4,Med-High,5,0,60.0,Create support page
MoveBudget,moving boxes checklist,Printable/checklist,2,20,49,4,Med-High,5,0,60.0,Create support page
MoveBudget,moving equipment checklist,Printable/checklist,2,20,49,4,Med-High,5,0,60.0,Create support page
MoveBudget,moving items checklist,Printable/checklist,2,20,49,4,Med-High,5,0,60.0,Create support page
MoveBudget,moving list checklist,Printable/checklist,2,20,49,4,Med-High,5,0,60.0,Create support page
MoveBudget,moving materials checklist,Printable/checklist,2,20,49,4,Med-High,5,0,60.0,Create support page
MoveBudget,moving necessities checklist,Printable/checklist,2,20,49,4,Med-High,5,0,60.0,Create support page
MoveBudget,moving needs checklist,Printable/checklist,2,20,49,4,Med-High,5,0,60.0,Create support page
MoveBudget,packing supplies checklist,Printable/checklist,2,20,49,4,Med-High,5,0,60.0,Create support page
MoveBudget,house moving checklist,Printable/checklist,2,38,64,4,Med-High,5,0,59.8,Create support page
MoveBudget,moving checklist sheets,Printable/checklist,2,38,64,4,Med-High,5,0,59.8,Create support page
MoveBudget,moving checklist spreadsheet,Template/download,2,38,64,4,Med-High,5,0,59.8,Create support page
MoveBudget,moving checklist timeline,Printable/checklist,2,38,64,4,Med-High,5,0,59.8,Create support page
MoveBudget,renters moving checklist,Printable/checklist,2,38,64,4,Med-High,5,0,59.8,Create support page
MealPlanSheet,meal prep planner ideas,Informational/support,3,30,43,3,Low-Med,5,0,59.1,Create support page
MealPlanSheet,meal prep planner spreadsheet,Template/download,3,30,43,3,Low-Med,5,0,59.1,Create support page
MealPlanSheet,meal planner template notion,Template/download,3,42,53,3,Low-Med,5,0,59.0,Create support page
MoveBudget,first apartment budget excel,Template/download,4,40,35,4,Med-High,3,0,58.7,Create support page
BudgetReset,monthly calendar examples,Printable/checklist,1,10,49,4,Med,5,0,57.4,Create support page
BudgetReset,how to create a zero based budget in excel,Template/download,3,26,29,4,Med,3,0,57.3,Create support page
BudgetReset,how to make a budget plan in excel,Template/download,3,26,29,4,Med,3,0,57.3,Create support page
BudgetReset,zero based budgeting example excel,Template/download,3,26,29,4,Med,3,0,57.3,Create support page
MealPlanSheet,meal planner template,Template/download,2,32,49,3,Low-Med,5,0,57.3,Create support page
AIStackCost,how can ai help small businesses,Informational/support,2,16,37,5,High,3,0,56.9,Create support page
MealPlanSheet,grocery list worksheet for kids,Template/download,2,16,37,3,Low-Med,5,0,56.9,Create support page
AIStackCost,ai tools for small business,Commercial comparison,2,46,52,5,High,5,1,56.8,Optimize existing page
MealPlanSheet,checklist grocery list,Printable/checklist,3,30,49,3,Low-Med,5,0,56.6,Create support page
MoveBudget,moving cost calculator,Tool/calculator,2,62,49,4,Med-High,5,1,56.3,Optimize existing page
MealPlanSheet,weekly meal plan free,Informational/support,3,42,43,3,Low-Med,4,0,56.2,Create support page
AIStackCost,ai small business ideas,Informational/support,2,20,43,5,High,3,0,55.7,Create support page
MealPlanSheet,budget meal plan gluten free,Informational/support,2,28,37,3,Low-Med,4,0,54.0,Create support page
MealPlanSheet,cheap keto meal plan free,Informational/support,2,28,37,3,Low-Med,4,0,54.0,Create support page
MealPlanSheet,cheap meal ideas gluten free,Informational/support,2,28,37,3,Low-Med,4,0,54.0,Create support page
MealPlanSheet,weight loss meal prep plan free,Informational/support,2,28,37,3,Low-Med,4,0,54.0,Create support page
BudgetReset,budget plan example for students,Informational/support,2,16,29,4,Med,3,0,53.9,Create support page
BudgetReset,how to make a budget plan for students,Informational/support,2,16,29,4,Med,3,0,53.9,Create support page
AIStackCost,ai developer tools stack overflow survey,Informational/support,1,6,37,5,High,3,0,53.5,Create support page
AIStackCost,ai subscription price in pakistan,Informational/support,1,6,37,5,High,3,0,53.5,Create support page
AIStackCost,ai tool for full stack development,Informational/support,1,6,37,5,High,3,0,53.5,Create support page
AIStackCost,ai tool for full stack web development,Informational/support,1,6,37,5,High,3,0,53.5,Create support page
AIStackCost,chat gpt vs claude pricing,Informational/support,1,6,37,5,High,3,0,53.5,Create support page
AIStackCost,chatgpt vs claude pricing api,Informational/support,1,6,37,5,High,3,0,53.5,Create support page
AIStackCost,chatgpt vs claude rate limits,Informational/support,1,6,37,5,High,3,0,53.5,Create support page
AIStackCost,chatgpt vs claude subscription price,Informational/support,1,6,37,5,High,3,0,53.5,Create support page
AIStackCost,how to build an ai tool,Informational/support,1,6,37,5,High,3,0,53.5,Create support page
AIStackCost,how to check size in ai,Informational/support,1,6,37,5,High,3,0,53.5,Create support page
AIStackCost,how to make your own artificial intelligence software,Informational/support,1,6,37,5,High,3,0,53.5,Create support page
AIStackCost,tools required for artificial intelligence,Informational/support,1,6,37,5,High,3,0,53.5,Create support page
AIStackCost,top 10 artificial intelligence tools,Informational/support,1,6,37,5,High,3,0,53.5,Create support page
AIStackCost,what is full stack ai,Informational/support,1,6,37,5,High,3,0,53.5,Create support page
AIStackCost,which software is used to make artificial intelligence,Informational/support,1,6,37,5,High,3,0,53.5,Create support page
MealPlanSheet,cheap meal planner,Informational/support,2,20,49,3,Low-Med,5,0,53.2,Create support page
BudgetReset,printable monthly bill calendar 2025,Printable/checklist,4,41,37,4,Med,5,0,53.0,Create support page
MealPlanSheet,grocery list template,Template/download,3,72,49,3,Low-Med,5,1,52.9,Optimize existing page
BudgetReset,zero based budget template,Template/download,3,42,43,4,Med,5,1,52.8,Optimize existing page
MealPlanSheet,meal prep plan free,Informational/support,2,32,43,3,Low-Med,4,0,52.8,Create support page
AIStackCost,best ai tools for small business,Commercial comparison,2,34,52,5,High,5,1,52.7,Optimize existing page
AIStackCost,ai tool tech stack,Informational/support,1,10,43,5,High,3,0,52.3,Create support page
AIStackCost,chatgpt or claude pricing,Informational/support,1,10,43,5,High,3,0,52.3,Create support page
AIStackCost,top 10 ai tools,Informational/support,1,10,43,5,High,3,0,52.3,Create support page
AIStackCost,what is ai stack,Informational/support,1,10,43,5,High,3,0,52.3,Create support page
MealPlanSheet,grocery list sample excel,Template/download,4,40,35,3,Low-Med,3,0,51.9,Create support page
MealPlanSheet,weekly meal plan excel,Template/download,4,40,35,3,Low-Med,3,0,51.9,Create support page
MoveBudget,budget for first apartment,Informational/support,2,20,35,4,Med-High,3,0,51.9,Create support page
BudgetReset,debt snowball calculator,Tool/calculator,2,62,64,4,Med,5,1,50.8,Optimize existing page
MealPlanSheet,meal.plan.spreadsheet example,Template/download,2,20,55,3,Low-Med,5,0,50.7,Create support page
BudgetReset,annual billing vs monthly billing,Informational/support,2,16,37,4,Med,3,0,50.5,Create support page
BudgetReset,how much are monthly bills,Informational/support,2,16,37,4,Med,3,0,50.5,Create support page
MoveBudget,first home scheme budget 2026,Informational/support,1,14,34,4,Med-High,3,0,50.3,Create support page
BudgetReset,monthly bill calendar,Printable/checklist,1,40,49,4,Med,5,1,49.6,Optimize existing page
MealPlanSheet,healthy meal plan excel,Template/download,3,30,35,3,Low-Med,3,0,48.5,Create support page
MealPlanSheet,weekly meal planner printable,Printable/checklist,4,70,58,3,Low-Med,5,1,48.4,Optimize existing page
AIStackCost,ai tools for agencies,Commercial comparison,1,10,43,5,High,5,1,48.3,Optimize existing page
AIStackCost,chatgpt vs claude cost,Informational/support,1,10,43,5,High,5,1,48.3,Optimize existing page
AIStackCost,ai forecasting tools,Informational/support,0,5,49,5,High,3,0,48.1,Create support page
AIStackCost,ai subscription price,Informational/support,0,5,49,5,High,3,0,48.1,Create support page
AIStackCost,what are the best ai tools,Commercial comparison,1,6,52,5,High,3,0,47.2,Create support page
BudgetReset,50 30 20 rule examples,Informational/support,1,6,37,4,Med,3,0,47.1,Create support page
BudgetReset,debt snowball method for paying off debt,Informational/support,1,6,37,4,Med,3,0,47.1,Create support page
BudgetReset,how to calculate 50 30 20 rule,Informational/support,1,6,37,4,Med,3,0,47.1,Create support page
BudgetReset,how to create a zero based budget,Informational/support,1,6,37,4,Med,3,0,47.1,Create support page
BudgetReset,how to make a budget plan example,Informational/support,1,6,37,4,Med,3,0,47.1,Create support page
BudgetReset,how to make a budget plan for an event,Informational/support,1,6,37,4,Med,3,0,47.1,Create support page
BudgetReset,which best describes the debt snowball method for paying off debt,Commercial comparison,1,6,37,4,Med,3,0,47.1,Create support page
MealPlanSheet,basic grocery list for college student,Informational/support,2,16,29,3,Low-Med,3,0,46.3,Create support page
MealPlanSheet,cheap dinner ideas for college students,Informational/support,2,16,29,3,Low-Med,3,0,46.3,Create support page
MealPlanSheet,cheap lunch ideas for college students,Informational/support,2,16,29,3,Low-Med,3,0,46.3,Create support page
MealPlanSheet,cheap lunch ideas for students,Informational/support,2,16,29,3,Low-Med,3,0,46.3,Create support page
MealPlanSheet,cheap meal ideas for college students,Informational/support,2,16,29,3,Low-Med,3,0,46.3,Create support page
MealPlanSheet,cheap meal ideas for students,Informational/support,2,16,29,3,Low-Med,3,0,46.3,Create support page
MealPlanSheet,cheap meal plans for college students,Informational/support,2,16,29,3,Low-Med,3,0,46.3,Create support page
MealPlanSheet,easy cheap meals for college students,Informational/support,2,16,29,3,Low-Med,3,0,46.3,Create support page
MealPlanSheet,grocery list for college students,Informational/support,2,16,29,3,Low-Med,3,0,46.3,Create support page
MealPlanSheet,no cook meals for college students,Informational/support,2,16,29,3,Low-Med,3,0,46.3,Create support page
MealPlanSheet,simple grocery list for college students,Informational/support,2,16,29,3,Low-Med,3,0,46.3,Create support page
MealPlanSheet,student meal plan for a week,Informational/support,2,16,29,3,Low-Med,3,0,46.3,Create support page
MoveBudget,how much should a move cost,Informational/support,1,6,37,4,Med-High,3,0,46.3,Create support page
BudgetReset,payday budget planner,Informational/support,3,30,49,4,Med,5,1,46.2,Optimize existing page
MoveBudget,packing supplies calculator,Tool/calculator,2,32,49,4,Med-High,5,1,46.1,Optimize existing page
MoveBudget,first apartment budget,Informational/support,1,10,41,4,Med-High,3,0,46.0,Create support page
BudgetReset,50 30 20 formula,Informational/support,1,10,43,4,Med,3,0,45.9,Create support page
BudgetReset,format for budget plan,Informational/support,1,10,43,4,Med,3,0,45.9,Create support page
MoveBudget,moving checklist printable,Printable/checklist,2,50,64,4,Med-High,5,1,45.9,Optimize existing page
AIStackCost,ai fees,Informational/support,0,5,55,5,High,3,0,45.6,Create support page
MealPlanSheet,cheap easy student meals,Informational/support,2,20,35,3,Low-Med,3,0,45.1,Create support page
MealPlanSheet,no-cook recipes for students,Informational/support,2,20,35,3,Low-Med,3,0,45.1,Create support page
MealPlanSheet,student meal plan caltech,Informational/support,2,20,35,3,Low-Med,3,0,45.1,Create support page
MealPlanSheet,student meal plan guelph,Informational/support,2,20,35,3,Low-Med,3,0,45.1,Create support page
MealPlanSheet,student meal plan ideas,Informational/support,2,20,35,3,Low-Med,3,0,45.1,Create support page
MealPlanSheet,student meal plan sdsu,Informational/support,2,20,35,3,Low-Med,3,0,45.1,Create support page
MealPlanSheet,student meal plan uwo,Informational/support,2,20,35,3,Low-Med,3,0,45.1,Create support page
AIStackCost,ai subscription cost,Informational/support,0,5,49,5,High,5,1,44.1,Optimize existing page
MoveBudget,moving checklist,Printable/checklist,2,50,70,4,Med-High,5,1,43.4,Optimize existing page
MealPlanSheet,cheap weekly meal plan for 4,Informational/support,2,16,37,3,Low-Med,3,0,42.9,Create support page
MealPlanSheet,cheap weekly meals for 4,Informational/support,2,16,37,3,Low-Med,3,0,42.9,Create support page
MealPlanSheet,weekly meal plan google docs,Informational/support,2,16,37,3,Low-Med,3,0,42.9,Create support page
MealPlanSheet,weekly meal planner,Informational/support,3,60,64,3,Low-Med,5,1,42.5,Optimize existing page
MealPlanSheet,healthy meal plan 2026,Informational/support,1,18,40,3,Low-Med,3,0,42.3,Create support page
AIStackCost,ai tools for small businesses 2025,Commercial comparison,2,9,52,5,High,5,0,42.2,Create support page
MealPlanSheet,student meal planner,Informational/support,3,30,41,3,Low-Med,5,1,42.0,Optimize existing page
MoveBudget,moving supplies checklist,Printable/checklist,2,20,49,4,Med-High,5,1,42.0,Optimize existing page
BudgetReset,budget plan example,Informational/support,0,5,49,4,Med,3,0,41.7,Create support page
AIStackCost,best ai tools for creators 2025,Commercial comparison,1,5,52,5,High,5,0,40.9,Create support page
AIStackCost,best ai tools for designers 2024,Commercial comparison,1,5,52,5,High,5,0,40.9,Create support page
AIStackCost,best ai tools for designers 2025,Commercial comparison,1,5,52,5,High,5,0,40.9,Create support page
MoveBudget,first home budget,Informational/support,0,5,49,4,Med-High,3,0,40.9,Create support page
MoveBudget,packing supplies list,Informational/support,0,5,49,4,Med-High,3,0,40.9,Create support page
MoveBudget,packing weight list,Informational/support,0,5,49,4,Med-High,3,0,40.9,Create support page
MealPlanSheet,cheap easy meals for 4,Informational/support,1,6,37,3,Low-Med,3,0,39.5,Create support page
MealPlanSheet,cheap meal ideas for kids,Informational/support,1,6,37,3,Low-Med,3,0,39.5,Create support page
MealPlanSheet,cheap meal plan for 1,Informational/support,1,6,37,3,Low-Med,3,0,39.5,Create support page
MealPlanSheet,cheap meal plan for a week,Informational/support,1,6,37,3,Low-Med,3,0,39.5,Create support page
MealPlanSheet,cheap meal plan for weight loss,Informational/support,1,6,37,3,Low-Med,3,0,39.5,Create support page
MealPlanSheet,cheap meal plans for 2,Informational/support,1,6,37,3,Low-Med,3,0,39.5,Create support page
MealPlanSheet,cheap meal plans for a month,Informational/support,1,6,37,3,Low-Med,3,0,39.5,Create support page
MealPlanSheet,easy meal plan for family of 4,Informational/support,1,6,37,3,Low-Med,3,0,39.5,Create support page
MealPlanSheet,healthy meal plan for kids,Informational/support,1,6,37,3,Low-Med,3,0,39.5,Create support page
MealPlanSheet,how to make a meal prep plan,Informational/support,1,6,37,3,Low-Med,3,0,39.5,Create support page
MealPlanSheet,no cook meal ideas for camping,Informational/support,1,6,37,3,Low-Med,3,0,39.5,Create support page
MealPlanSheet,no cook meal ideas for kids,Informational/support,1,6,37,3,Low-Med,3,0,39.5,Create support page
MealPlanSheet,no cook meal plan for weight loss,Informational/support,1,6,37,3,Low-Med,3,0,39.5,Create support page
MealPlanSheet,no cook meal prep for weight loss,Informational/support,1,6,37,3,Low-Med,3,0,39.5,Create support page
MealPlanSheet,no cook meal prep high protein,Informational/support,1,6,37,3,Low-Med,3,0,39.5,Create support page
MealPlanSheet,no cook meal prep lunches,Informational/support,1,6,37,3,Low-Med,3,0,39.5,Create support page
MealPlanSheet,no cook meal prep recipes,Informational/support,1,6,37,3,Low-Med,3,0,39.5,Create support page
MealPlanSheet,which meal plan is cheapest,Informational/support,1,6,37,3,Low-Med,3,0,39.5,Create support page
BudgetReset,30-20-50 rule,Informational/support,0,5,55,4,Med,3,0,39.2,Create support page
MealPlanSheet,student grocery list,Informational/support,1,10,41,3,Low-Med,3,0,39.2,Create support page
MealPlanSheet,student meal plans,Informational/support,1,10,41,3,Low-Med,3,0,39.2,Create support page
MealPlanSheet,cheap meal plan ideas,Informational/support,1,10,43,3,Low-Med,3,0,38.3,Create support page
MealPlanSheet,cheap vegetarian meal plan,Informational/support,1,10,43,3,Low-Med,3,0,38.3,Create support page
MealPlanSheet,no cook meal ideas,Informational/support,1,10,43,3,Low-Med,3,0,38.3,Create support page
MealPlanSheet,no cook meal prep,Informational/support,1,10,43,3,Low-Med,3,0,38.3,Create support page
MealPlanSheet,simple meal prep plan,Informational/support,1,10,43,3,Low-Med,3,0,38.3,Create support page
MealPlanSheet,meal prep planner,Informational/support,2,20,49,3,Low-Med,5,1,35.2,Optimize existing page
MealPlanSheet,cheap meal plans,Informational/support,0,5,49,3,Low-Med,3,0,34.1,Hold / secondary mention
MealPlanSheet,student meal plan,Informational/support,1,10,41,3,Low-Med,3,1,21.2,Optimize existing page
MealPlanSheet,no cook meal plan,Informational/support,1,10,43,3,Low-Med,3,1,20.3,Optimize existing page
