cluster,seed,keyword,score
MealPlanSheet,weekly meal planner,weekly meal planner,3
MealPlanSheet,weekly meal planner,weekly meal planner template,4
MealPlanSheet,weekly meal planner,weekly meal planner printable,4
MealPlanSheet,weekly meal planner,weekly meal planner with grocery list,4
MealPlanSheet,weekly meal planner,weekly meal planner app,3
MealPlanSheet,weekly meal planner,weekly meal planner template google sheets,4
MealPlanSheet,weekly meal planner,weekly meal planner ideas,4
MealPlanSheet,weekly meal planner,weekly meal planner free printable,5
MealPlanSheet,weekly meal planner,weekly meal planner pdf,4
MealPlanSheet,weekly meal planner,weekly meal planner whiteboard,4
MealPlanSheet,weekly meal planner,weekly meal planner free,5
MealPlanSheet,weekly meal planner,weekly meal planner free template,5
MealPlanSheet,weekly meal planner,weekly meal planner free pdf,5
MealPlanSheet,weekly meal planner,weekly meal planner free download,5
MealPlanSheet,weekly meal planner,weekly meal planner free printable pdf,5
MealPlanSheet,weekly meal planner,weekly meal planner free app,4
MealPlanSheet,weekly meal planner,weekly meal plan free,3
MealPlanSheet,weekly meal planner,weekly meal plan free printable,5
MealPlanSheet,weekly meal planner,weekly meal plan free template,5
MealPlanSheet,weekly meal planner,weekly meal planner printable free,5
MealPlanSheet,weekly meal planner,weekly meal planner printable pdf,4
MealPlanSheet,weekly meal planner,weekly meal planner printable pdf free,5
MealPlanSheet,weekly meal planner,weekly meal planner printable black and white,4
MealPlanSheet,weekly meal planner,weekly meal planner printable free download,5
MealPlanSheet,weekly meal planner,weekly meal planner printable pdf free download,5
MealPlanSheet,weekly meal planner,weekly meal plan printable,4
MealPlanSheet,weekly meal planner,weekly meal plan printable free,5
MealPlanSheet,weekly meal planner,weekly meal plan printable free pdf,5
MealPlanSheet,weekly meal planner,weekly meal planner template word,4
MealPlanSheet,weekly meal planner,weekly meal planner template free,5
MealPlanSheet,weekly meal planner,weekly meal planner template pdf,4
MealPlanSheet,weekly meal planner,weekly meal planner template free download,5
MealPlanSheet,weekly meal planner,weekly meal planner template excel free,5
MealPlanSheet,weekly meal planner,weekly meal planner template excel free download,5
MealPlanSheet,weekly meal planner,weekly meal planner template free download pdf,5
MealPlanSheet,weekly meal planner,weekly meal planner template google docs,4
MealPlanSheet,weekly meal planner,weekly meal planner pdf free download,5
MealPlanSheet,weekly meal planner,weekly meal planner pdf free,5
MealPlanSheet,weekly meal planner,weekly meal planner pdf template,4
MealPlanSheet,weekly meal planner,weekly meal plan pdf,4
MealPlanSheet,weekly meal planner,weekly meal plan pdf template,4
MealPlanSheet,weekly meal planner,weekly menu planner pdf,4
MealPlanSheet,weekly meal planner,healthy meal plan pdf,3
MealPlanSheet,weekly meal planner,weekly meal plan calculator,4
MealPlanSheet,weekly meal planner,healthy meal plan calculator,3
MealPlanSheet,weekly meal planner,weekly meal planner with recipes,4
MealPlanSheet,weekly meal planner,weekly meal planner spreadsheet,4
MealPlanSheet,weekly meal planner,weekly meal planner spreadsheet free,5
MealPlanSheet,weekly meal planner,weekly meal planner template pdf free download,5
MealPlanSheet,weekly meal planner,weekly meal planner google sheets,4
MealPlanSheet,weekly meal planner,weekly meal planner google sheets template,4
MealPlanSheet,weekly meal planner,weekly meal planner google sheets template free,5
MealPlanSheet,weekly meal planner,weekly meal plan google sheets,4
MealPlanSheet,weekly meal planner,weekly meal plan google sheets template,4
MealPlanSheet,weekly meal planner,weekly menu planner google sheets,4
MealPlanSheet,weekly meal planner,weekly meal planner google docs,4
MealPlanSheet,weekly meal planner,weekly meal planner google docs template,4
MealPlanSheet,weekly meal planner,weekly meal plan google docs,2
MealPlanSheet,weekly meal planner,weekly meal planner template google sheets free download,5
MealPlanSheet,weekly meal planner,weekly meal planner excel template,4
MealPlanSheet,weekly meal planner,weekly meal planner excel,4
MealPlanSheet,weekly meal planner,weekly meal planner excel template free,5
MealPlanSheet,weekly meal planner,weekly meal planner excel free,5
MealPlanSheet,weekly meal planner,weekly meal planner excel sheet,4
MealPlanSheet,weekly meal planner,weekly meal plan excel,4
MealPlanSheet,weekly meal planner,weekly dinner planner excel,4
MealPlanSheet,weekly meal planner,healthy meal plan excel,3
MealPlanSheet,weekly meal planner,healthy meal plan for kids,1
MealPlanSheet,weekly meal planner,weekly meal planner app free,4
MealPlanSheet,weekly meal planner,weekly meal planner 2026,4
MealPlanSheet,weekly meal planner,healthy meal plan 2026,1
MealPlanSheet,weekly meal planner,weekly meal planner on a budget,4
MealPlanSheet,grocery list template,grocery list template,3
MealPlanSheet,grocery list template,grocery list template free,5
MealPlanSheet,grocery list template,grocery list template google sheets,4
MealPlanSheet,grocery list template,grocery list template pdf,4
MealPlanSheet,grocery list template,grocery list template word,4
MealPlanSheet,grocery list template,grocery list template excel,4
MealPlanSheet,grocery list template,grocery list template free printable,5
MealPlanSheet,grocery list template,grocery list template google docs,4
MealPlanSheet,grocery list template,grocery list template free pdf,5
MealPlanSheet,grocery list template,grocery list template free editable,5
MealPlanSheet,grocery list template,grocery list template free editable excel,5
MealPlanSheet,grocery list template,grocery list template free printable pdf,5
MealPlanSheet,grocery list template,grocery list template free editable pdf free download,5
MealPlanSheet,grocery list template,grocery list template free editable pdf,5
MealPlanSheet,grocery list template,grocery list template free editable word,5
MealPlanSheet,grocery list template,grocery list template free editable pdf word,5
MealPlanSheet,grocery list template,grocery list template printable,4
MealPlanSheet,grocery list template,grocery list template printable free,5
MealPlanSheet,grocery list template,grocery list template printable pdf,4
MealPlanSheet,grocery list template,grocery list template blank,4
MealPlanSheet,grocery list template,grocery shopping list template printable,4
MealPlanSheet,grocery list template,grocery shopping template free printable,5
MealPlanSheet,grocery list template,printable grocery list template free download,5
MealPlanSheet,grocery list template,printable grocery list template word,4
MealPlanSheet,grocery list template,printable grocery list template google sheets,4
MealPlanSheet,grocery list template,grocery list form template,4
MealPlanSheet,grocery list template,grocery list template with prices,4
MealPlanSheet,grocery list template,grocery list template pdf free,5
MealPlanSheet,grocery list template,grocery list template pdf free download,5
MealPlanSheet,grocery list template,grocery list printable pdf,4
MealPlanSheet,grocery list template,grocery list printable pdf free download,5
MealPlanSheet,grocery list template,grocery list example pdf,4
MealPlanSheet,grocery list template,grocery shopping template pdf,4
MealPlanSheet,grocery list template,grocery checklist template pdf,4
MealPlanSheet,grocery list template,grocery list format pdf,4
MealPlanSheet,grocery list template,grocery list printable pdf free,5
MealPlanSheet,grocery list template,grocery list checklist template,4
MealPlanSheet,grocery list template,grocery list checklist printable,4
MealPlanSheet,grocery list template,grocery shopping checklist template,4
MealPlanSheet,grocery list template,grocery shopping checklist printable,4
MealPlanSheet,grocery list template,checklist grocery list,3
MealPlanSheet,grocery list template,indian grocery list checklist,4
MealPlanSheet,grocery list template,grocery list template spreadsheet,4
MealPlanSheet,grocery list template,grocery list spreadsheet template free,5
MealPlanSheet,grocery list template,grocery list template sheets,4
MealPlanSheet,grocery list template,grocery list template excel south africa,4
MealPlanSheet,grocery list template,grocery list template excel free download word,5
MealPlanSheet,grocery list template,grocery list template excel free,5
MealPlanSheet,grocery list template,grocery shopping spreadsheet template,4
MealPlanSheet,grocery list template,food list spreadsheet template,3
MealPlanSheet,grocery list template,grocery checklist template excel,4
MealPlanSheet,grocery list template,grocery list template google sheets free,5
MealPlanSheet,grocery list template,grocery list template google sheets free download,5
MealPlanSheet,grocery list template,grocery shopping template google sheets,4
MealPlanSheet,grocery list template,food list template google sheets,3
MealPlanSheet,grocery list template,grocery shopping list template google sheets,4
MealPlanSheet,grocery list template,grocery list budget template google sheets,4
MealPlanSheet,grocery list template,editable grocery list template google sheets,5
MealPlanSheet,grocery list template,simple grocery list template google sheets,4
MealPlanSheet,grocery list template,grocery list sample excel,4
MealPlanSheet,grocery list template,grocery shopping template excel,4
MealPlanSheet,grocery list template,food list template excel,3
MealPlanSheet,grocery list template,grocery list excel template free pdf,5
MealPlanSheet,grocery list template,grocery shopping list template excel,4
MealPlanSheet,grocery list template,grocery list template for kids,4
MealPlanSheet,grocery list template,grocery list printable for kids,4
MealPlanSheet,grocery list template,grocery list worksheet for kids,2
MealPlanSheet,grocery list template,grocery shopping list template for kids,4
MealPlanSheet,grocery list template,simple grocery list for college students,2
MealPlanSheet,grocery list template,student grocery list,1
MealPlanSheet,grocery list template,basic grocery list for college student,2
MealPlanSheet,grocery list template,grocery list for college students,2
MealPlanSheet,meal planner template,meal planner template,2
MealPlanSheet,meal planner template,meal planner template google sheets,3
MealPlanSheet,meal planner template,meal planner template free,4
MealPlanSheet,meal planner template,meal planner template excel,3
MealPlanSheet,meal planner template,meal planner template pdf,3
MealPlanSheet,meal planner template,meal planner template word,3
MealPlanSheet,meal planner template,meal planner template free download,4
MealPlanSheet,meal planner template,meal planner template notion,3
MealPlanSheet,meal planner template,meal planner template google docs,3
MealPlanSheet,meal planner template,meal planner template google sheets free,4
MealPlanSheet,meal planner template,meal planner template free printable,4
MealPlanSheet,meal planner template,meal planner template free pdf,4
MealPlanSheet,meal planner template,meal planner template free excel,4
MealPlanSheet,meal planner template,meal planner template free google sheets,4
MealPlanSheet,meal planner template,meal planner template free word,4
MealPlanSheet,meal planner template,meal planner template free online,4
MealPlanSheet,meal planner template,meal planner template free notion,4
MealPlanSheet,meal planner template,meal plan template free editable,4
MealPlanSheet,meal planner template,meal planner template printable,3
MealPlanSheet,meal planner template,meal planner template printable free,4
MealPlanSheet,meal planner template,meal plan template printable,3
MealPlanSheet,meal planner template,meal plan template printable pdf,3
MealPlanSheet,meal planner template,meal plan template printable free,4
MealPlanSheet,meal planner template,meal plan template printable pdf free download,4
MealPlanSheet,meal planner template,meal plan template printable monthly,4
MealPlanSheet,meal planner template,meal plan template printable pdf free,4
MealPlanSheet,meal planner template,dinner planner template printable,3
MealPlanSheet,meal planner template,meal plan template print,3
MealPlanSheet,meal planner template,meal planner template pdf free,4
MealPlanSheet,meal planner template,meal planner template pdf free download,4
MealPlanSheet,meal planner template,meal plan template pdf,3
MealPlanSheet,meal planner template,meal plan template pdf free download,4
MealPlanSheet,meal planner template,meal plan template pdf free,4
MealPlanSheet,meal planner template,meal planner printable pdf,3
MealPlanSheet,meal planner template,food planner template pdf,3
MealPlanSheet,meal planner template,meal planner printable pdf free,4
MealPlanSheet,meal planner template,meal schedule template pdf,3
MealPlanSheet,meal planner template,meal plan list template,3
MealPlanSheet,meal planner template,weekly meal planner template with grocery list,4
MealPlanSheet,meal planner template,meal planner template spreadsheet,3
MealPlanSheet,meal planner template,meal planner spreadsheet template free,4
MealPlanSheet,meal planner template,meal planner template sheets,3
MealPlanSheet,meal planner template,meal planner template excel free,4
MealPlanSheet,meal planner template,meal planner template excel free download,4
MealPlanSheet,meal planner template,meal planner template excel download,4
MealPlanSheet,meal planner template,meal plan template excel,3
MealPlanSheet,meal planner template,weekly meal planner template spreadsheet,4
MealPlanSheet,meal planner template,meal.plan.spreadsheet example,2
MealPlanSheet,meal planner template,meal plan template google sheets,3
MealPlanSheet,meal planner template,meal planning template google sheets free,4
MealPlanSheet,meal planner template,meal plan template google sheets free download,4
MealPlanSheet,meal planner template,food planner template google sheets,3
MealPlanSheet,meal planner template,dinner planner template google sheets,3
MealPlanSheet,meal planner template,meal schedule template google sheets,3
MealPlanSheet,meal planner template,diet plan template google sheets,3
MealPlanSheet,meal planner template,food planner template excel,3
MealPlanSheet,meal planner template,meal schedule template excel,3
MealPlanSheet,meal planner template,recipe planner template excel,3
MealPlanSheet,meal planner template,meal calendar template excel,3
MealPlanSheet,meal planner template,dinner planner template excel,3
MealPlanSheet,meal planner template,meal planner template for kids,3
MealPlanSheet,meal planner template,menu planner for school meals,3
MealPlanSheet,meal planner template,menu template for small business,4
MealPlanSheet,meal planner template,how to write a small business plan template,4
MealPlanSheet,cheap meal plan,cheap meal plans,0
MealPlanSheet,cheap meal plan,cheap meal plan for a week,1
MealPlanSheet,cheap meal plan,cheap meal plans for 2,1
MealPlanSheet,cheap meal plan,cheap meal plans dubai,-1
MealPlanSheet,cheap meal plan,cheap meal plan for weight loss,1
MealPlanSheet,cheap meal plan,cheap meal plan ideas,1
MealPlanSheet,cheap meal plan,cheap meal plans for a month,1
MealPlanSheet,cheap meal plan,cheap meal planner,2
MealPlanSheet,cheap meal plan,cheap meal plan for 1,1
MealPlanSheet,cheap meal plan,cheap meal plan service,0
MealPlanSheet,cheap meal plan,cheap keto meal plan free,2
MealPlanSheet,cheap meal plan,cheap meal ideas gluten free,2
MealPlanSheet,cheap meal plan,budget meal plan gluten free,2
MealPlanSheet,cheap meal plan,which meal plan is cheapest,1
MealPlanSheet,cheap meal plan,budget meal plan template,3
MealPlanSheet,cheap meal plan,easy meal plan for family of 4,1
MealPlanSheet,cheap meal plan,cheap weekly meal plan for 4,2
MealPlanSheet,cheap meal plan,cheap easy meals for 4,1
MealPlanSheet,cheap meal plan,cheap weekly meals for 4,2
MealPlanSheet,cheap meal plan,meal plan google sheets template,3
MealPlanSheet,cheap meal plan,meal plan google sheets,3
MealPlanSheet,cheap meal plan,meal plan google sheets template free,4
MealPlanSheet,cheap meal plan,meal plan google sheets free,4
MealPlanSheet,cheap meal plan,meal plan google sheets template reddit,1
MealPlanSheet,cheap meal plan,meal planner google sheets,3
MealPlanSheet,cheap meal plan,meal planner google sheets template,3
MealPlanSheet,cheap meal plan,meal planner google sheets template free,4
MealPlanSheet,cheap meal plan,meal planner google sheets free,4
MealPlanSheet,cheap meal plan,meal planner google sheets reddit,1
MealPlanSheet,cheap meal plan,cheap vegetarian meal plan,1
MealPlanSheet,cheap meal plan,cheap meal ideas for students,2
MealPlanSheet,cheap meal plan,cheap meal plans for college students,2
MealPlanSheet,cheap meal plan,cheap lunch ideas for students,2
MealPlanSheet,cheap meal plan,cheap meal ideas for kids,1
MealPlanSheet,cheap meal plan,cheap meal ideas for college students,2
MealPlanSheet,cheap meal plan,cheap dinner ideas for college students,2
MealPlanSheet,cheap meal plan,cheap lunch ideas for college students,2
MealPlanSheet,cheap meal plan,cheap easy student meals,2
MealPlanSheet,cheap meal plan,easy cheap meals for college students,2
MealPlanSheet,student meal planner,student meal planner,3
MealPlanSheet,student meal planner,student meal planner app,3
MealPlanSheet,student meal planner,student food planner,3
MealPlanSheet,student meal planner,student meal plan,1
MealPlanSheet,student meal planner,student meal plan for a week,2
MealPlanSheet,student meal planner,student meal plan sdsu,2
MealPlanSheet,student meal planner,student meal plan uwo,2
MealPlanSheet,student meal planner,student meal plan caltech,2
MealPlanSheet,student meal planner,student meal plan guelph,2
MealPlanSheet,student meal planner,student meal plan ideas,2
MealPlanSheet,student meal planner,student meal plan template,4
MealPlanSheet,student meal planner,student meal plans,1
MealPlanSheet,meal prep planner,meal prep planner,2
MealPlanSheet,meal prep planner,meal prep planner template,3
MealPlanSheet,meal prep planner,meal prep planner app,2
MealPlanSheet,meal prep planner,meal prep planner printable,3
MealPlanSheet,meal prep planner,meal prep planner free,4
MealPlanSheet,meal prep planner,meal prep planner google sheets,3
MealPlanSheet,meal prep planner,meal prep planner pdf,3
MealPlanSheet,meal prep planner,meal prep planner app free,3
MealPlanSheet,meal prep planner,meal prep planner with macros,3
MealPlanSheet,meal prep planner,meal prep planner ideas,3
MealPlanSheet,meal prep planner,meal prep plan free,2
MealPlanSheet,meal prep planner,meal prep planner template free,4
MealPlanSheet,meal prep planner,weight loss meal prep plan free,2
MealPlanSheet,meal prep planner,meal prep plan printable,3
MealPlanSheet,meal prep planner,meal prep calendar printable,3
MealPlanSheet,meal prep planner,meal prep planner template google sheets,3
MealPlanSheet,meal prep planner,meal prep planner template excel,3
MealPlanSheet,meal prep planner,meal prep planner template pdf,3
MealPlanSheet,meal prep planner,meal prep planner template free download,4
MealPlanSheet,meal prep planner,weekly meal prep planner printable,4
MealPlanSheet,meal prep planner,meal prep planning template,3
MealPlanSheet,meal prep planner,meal prep calendar template,3
MealPlanSheet,meal prep planner,meal prep schedule template,3
MealPlanSheet,meal prep planner,meal prep calendar template free,4
MealPlanSheet,meal prep planner,keto meal prep plan pdf,3
MealPlanSheet,meal prep planner,meal prep business plan pdf,3
MealPlanSheet,meal prep planner,meal prep king plan pdf,3
MealPlanSheet,meal prep planner,meal prep plan pdf,3
MealPlanSheet,meal prep planner,simple meal prep plan,1
MealPlanSheet,meal prep planner,meal prep plan calculator,3
MealPlanSheet,meal prep planner,how to make a meal prep plan,1
MealPlanSheet,meal prep planner,meal prep planner spreadsheet,3
MealPlanSheet,meal prep planner,meal prep planner excel,3
MealPlanSheet,meal prep planner,weekly meal prep planner template,4
MealPlanSheet,meal prep planner,monthly meal prep planner template,4
MealPlanSheet,meal prep planner,how to make a planner on google sheets,3
MealPlanSheet,no cook meal plan,no cook meal plan,1
MealPlanSheet,no cook meal plan,no cook meal plan for weight loss,1
MealPlanSheet,no cook meal plan,no cook meal prep,1
MealPlanSheet,no cook meal plan,no cook meal ideas,1
MealPlanSheet,no cook meal plan,no cook meal prep lunches,1
MealPlanSheet,no cook meal plan,no cook meal prep high protein,1
MealPlanSheet,no cook meal plan,no cook meal prep recipes,1
MealPlanSheet,no cook meal plan,no cook meal ideas for camping,1
MealPlanSheet,no cook meal plan,no cook meal prep for weight loss,1
MealPlanSheet,no cook meal plan,no cook meal prep reddit,-1
MealPlanSheet,no cook meal plan,no cook meal ideas for kids,1
MealPlanSheet,no cook meal plan,no cook meals for college students,2
MealPlanSheet,no cook meal plan,no-cook recipes for students,2
BudgetReset,monthly bill calendar,monthly bill calendar,1
BudgetReset,monthly bill calendar,monthly bill calendar printable,4
BudgetReset,monthly bill calendar,monthly bill calendar template free,5
BudgetReset,monthly bill calendar,monthly bill calendar template,4
BudgetReset,monthly bill calendar,monthly bill calendar free printable,5
BudgetReset,monthly bill calendar,monthly bill calendar excel,4
BudgetReset,monthly bill calendar,monthly bill calendar app,1
BudgetReset,monthly bill calendar,monthly bill calendar google sheets,4
BudgetReset,monthly bill calendar,monthly bill calendar excel template,4
BudgetReset,monthly bill calendar,monthly bill calendar pdf,4
BudgetReset,monthly bill calendar,monthly bill calendar free,3
BudgetReset,monthly bill calendar,monthly bill calendar template free pdf,5
BudgetReset,monthly bill calendar,free printable monthly bill calendar 2025,5
BudgetReset,monthly bill calendar,free printable monthly bill calendar pdf,5
BudgetReset,monthly bill calendar,annual billing vs monthly billing,2
BudgetReset,monthly bill calendar,how much are monthly bills,2
BudgetReset,monthly bill calendar,monthly bill calendar printable free,5
BudgetReset,monthly bill calendar,monthly bill calendar template excel,4
BudgetReset,monthly bill calendar,monthly bill tracker printable calendar,4
BudgetReset,monthly bill calendar,free printable monthly bills calendar template,5
BudgetReset,monthly bill calendar,monthly bill payment calendar template,4
BudgetReset,monthly bill calendar,printable monthly bill calendar 2025,4
BudgetReset,monthly bill calendar,monthly bill planner template,4
BudgetReset,monthly bill calendar,monthly bill planner template free,5
BudgetReset,monthly bill calendar,monthly bill schedule template,4
BudgetReset,monthly bill calendar,monthly billing cycle meaning,2
BudgetReset,monthly bill calendar,monthly billing date meaning,2
BudgetReset,monthly bill calendar,how to create a monthly calendar in excel,4
BudgetReset,monthly bill calendar,how to put monthly calendar in excel,4
BudgetReset,monthly bill calendar,monthly calendar in excel format,4
BudgetReset,monthly bill calendar,how to make a monthly calendar in google sheets,4
BudgetReset,monthly bill calendar,does google sheets have a calendar template,3
BudgetReset,monthly bill calendar,how to create monthly calendar in google sheets,4
BudgetReset,monthly bill calendar,how to insert a monthly calendar in google sheets,4
BudgetReset,monthly bill calendar,can you make a calendar in google sheets,3
BudgetReset,monthly bill calendar,excel formula for calendar days in a month,3
BudgetReset,monthly bill calendar,2026 monthly bill calendar,2
BudgetReset,monthly bill calendar,how many years in a perpetual calendar,1
BudgetReset,monthly bill calendar,monthly calendar examples,1
BudgetReset,bill calendar template,bill calendar template,2
BudgetReset,bill calendar template,bill calendar template excel,3
BudgetReset,bill calendar template,bill calendar template google sheets,3
BudgetReset,bill calendar template,bill calendar template free,4
BudgetReset,bill calendar template,bill calendar template excel free,4
BudgetReset,bill calendar template,bill calendar template pdf,3
BudgetReset,bill calendar template,bill calendar template free pdf,4
BudgetReset,bill calendar template,bill planner template,2
BudgetReset,bill calendar template,bill schedule template,2
BudgetReset,bill calendar template,bill planner template free,4
BudgetReset,bill calendar template,bill calendar printable free,4
BudgetReset,bill calendar template,bill planner template free download,4
BudgetReset,bill calendar template,bill schedule template free,4
BudgetReset,bill calendar template,bill tracker calendar template free,4
BudgetReset,bill calendar template,bill pay calendar template free,4
BudgetReset,bill calendar template,bill calendar template printable,3
BudgetReset,bill calendar template,bill planner template free printable,4
BudgetReset,bill calendar template,bill payment schedule template printable,3
BudgetReset,bill calendar template,free printable bill calendar template,4
BudgetReset,bill calendar template,is there a printable calendar in word,3
BudgetReset,bill calendar template,is there a calendar template in word,3
BudgetReset,bill calendar template,does microsoft word have a printable calendar,3
BudgetReset,bill calendar template,printable calendar with day count,3
BudgetReset,bill calendar template,does microsoft word have a calendar template,3
BudgetReset,bill calendar template,bill planner template pdf,3
BudgetReset,bill calendar template,bill calendar printable pdf,3
BudgetReset,bill calendar template,bill planner printable pdf,3
BudgetReset,bill calendar template,is there a calendar template in microsoft word,3
BudgetReset,bill calendar template,bill schedule template excel,3
BudgetReset,bill calendar template,bill planner template excel,3
BudgetReset,bill calendar template,bill pay calendar template excel,3
BudgetReset,bill calendar template,is there a calendar template in excel,3
BudgetReset,bill calendar template,does excel have a calendar template,3
BudgetReset,bill calendar template,free bill calendar template google sheets,4
BudgetReset,bill calendar template,bill payment schedule template google sheets,3
BudgetReset,bill calendar template,how to make a calendar template in google sheets,3
BudgetReset,bill calendar template,is there a calendar template in google docs,3
BudgetReset,bill calendar template,does google have a calendar template,3
BudgetReset,bill calendar template,does google sheets have a budget template,3
BudgetReset,bill calendar template,bill payment schedule template excel,3
BudgetReset,bill calendar template,bill payment schedule template excel free download,4
BudgetReset,budget planner template,budget planner template,2
BudgetReset,budget planner template,budget planner template free,4
BudgetReset,budget planner template,budget planner template google sheets,3
BudgetReset,budget planner template,budget planner template uk,1
BudgetReset,budget planner template,budget planner template free pdf,4
BudgetReset,budget planner template,budget planner template excel,3
BudgetReset,budget planner template,budget planner template free google sheets,4
BudgetReset,budget planner template,budget planner template free printable,4
BudgetReset,budget planner template,budget planner template pdf,3
BudgetReset,budget planner template,budget planner template notion,3
BudgetReset,budget planner template,budget planner template free download,4
BudgetReset,budget planner template,budget planner template free excel,4
BudgetReset,budget planner template,budget planner template free pdf free download,4
BudgetReset,budget planner template,budget planner template free goodnotes,4
BudgetReset,budget planner template,budget planner template free uk,2
BudgetReset,budget planner template,budget planner template free sheets,4
BudgetReset,budget planner template,budget planner template printable,3
BudgetReset,budget planner template,budget planner template printable free,4
BudgetReset,budget planner template,budget calendar template printable,3
BudgetReset,budget planner template,budget spreadsheet template printable,3
BudgetReset,budget planner template,monthly budget planner template printable,4
BudgetReset,budget planner template,budget planner template free printable pdf,4
BudgetReset,budget planner template,budget planning template free printable,4
BudgetReset,budget planner template,budget spreadsheet template free printable,4
BudgetReset,budget planner template,budget spreadsheet template free printable pdf,4
BudgetReset,budget planner template,printable budget planner template free download,4
BudgetReset,budget planner template,budget planner template pdf free download,4
BudgetReset,budget planner template,budget planner template pdf free,4
BudgetReset,budget planner template,budget planning template pdf,3
BudgetReset,budget planner template,budget planner printable pdf,3
BudgetReset,budget planner template,financial planner template pdf,3
BudgetReset,budget planner template,budget worksheet template pdf,3
BudgetReset,budget planner template,budget calendar template pdf,3
BudgetReset,budget planner template,budget planner printable pdf free download,4
BudgetReset,budget planner template,budget planner printable pdf free,4
BudgetReset,budget planner template,financial planner calculator excel,3
BudgetReset,budget planner template,budget planner example,2
BudgetReset,budget planner template,how to make a budget plan template,3
BudgetReset,budget planner template,how to make a budget plan example,1
BudgetReset,budget planner template,how to make a monthly budget planner,4
BudgetReset,budget planner template,how to make your own budget planner on excel,3
BudgetReset,budget planner template,budget planner template spreadsheet,3
BudgetReset,budget planner template,financial planner template spreadsheet,3
BudgetReset,budget planner template,budget planning spreadsheet template free,4
BudgetReset,budget planner template,budget planner template excel free download,4
BudgetReset,budget planner template,budget planner template sheets,3
BudgetReset,budget planner template,budget planner template excel free,4
BudgetReset,budget planner template,budget planner excel template download,4
BudgetReset,budget planner template,financial planner spreadsheet template free,4
BudgetReset,budget planner template,financial planner template excel,3
BudgetReset,budget planner template,budget planner template google sheets free,4
BudgetReset,budget planner template,budget planner template google sheets free download,4
BudgetReset,budget planner template,budget planner template google sheets reddit,1
BudgetReset,budget planner template,budget planner template google sheets indonesia,3
BudgetReset,budget planner template,financial planner template google sheets,3
BudgetReset,budget planner template,budget calendar template google sheets,3
BudgetReset,budget planner template,budget calculator template google sheets,3
BudgetReset,budget planner template,budget worksheet template google sheets,3
BudgetReset,budget planner template,financial planner template google sheets free,4
BudgetReset,budget planner template,budget planner template excel uk,1
BudgetReset,budget planner template,budget planning template excel,3
BudgetReset,budget planner template,budget calendar template excel,3
BudgetReset,budget planner template,budget worksheet template excel,3
BudgetReset,budget planner template,money planner template excel,3
BudgetReset,budget planner template,budget planner template student,4
BudgetReset,budget planner template,budget plan example for students,2
BudgetReset,budget planner template,how to make a budget plan for students,2
BudgetReset,budget planner template,budget planner ideas,2
BudgetReset,budget planner template,excel budget template for small business,4
BudgetReset,budget planner template,how to make a small business budget spreadsheet,4
BudgetReset,budget planner template,budget planner template 2026,3
BudgetReset,budget planner template,budget spreadsheet template 2026,3
BudgetReset,budget planner template,budget planner 2026 excel,3
BudgetReset,budget planner template,budget planner 2026 printable,3
BudgetReset,budget planner template,2026 budget planner template free,4
BudgetReset,budget planner template,budget plan example,0
BudgetReset,budget planner template,format for budget plan,1
BudgetReset,payday budget planner,payday budget planner,3
BudgetReset,payday budget planner,paycheck budget planner,2
BudgetReset,payday budget planner,paycheck budget planner pdf,3
BudgetReset,payday budget planner,paycheck budget planner free,4
BudgetReset,payday budget planner,paycheck budget planner excel,3
BudgetReset,payday budget planner,paycheck budget planner printable,3
BudgetReset,payday budget planner,paycheck budget planner free printable,4
BudgetReset,payday budget planner,paycheck budget planner app,2
BudgetReset,payday budget planner,paycheck budget planner book,3
BudgetReset,payday budget planner,paycheck budget planner nearby,3
BudgetReset,payday budget planner,payday budget template free,5
BudgetReset,payday budget planner,paycheck budget template free,4
BudgetReset,payday budget planner,paycheck budget template free pdf,4
BudgetReset,payday budget planner,paycheck budget calculator free,4
BudgetReset,payday budget planner,paycheck budget spreadsheet free,4
BudgetReset,payday budget planner,paycheck budget template free download,4
BudgetReset,payday budget planner,paycheck budget template free excel,4
BudgetReset,payday budget planner,paycheck budget worksheet free,2
BudgetReset,payday budget planner,paycheck budget planner printable free,4
BudgetReset,payday budget planner,paycheck budget planner template,3
BudgetReset,payday budget planner,paycheck budget planner template free,4
BudgetReset,payday budget planner,paycheck budget planner template digital download,4
BudgetReset,payday budget planner,budget planner for weekly pay,4
BudgetReset,payday budget planner,how to make a budget plan for an event,1
BudgetReset,payday budget planner,paycheck budget spreadsheet template,3
BudgetReset,payday budget planner,paycheck budget spreadsheet template free,4
BudgetReset,payday budget planner,paycheck budget template pdf,3
BudgetReset,payday budget planner,easy to use budget planner,3
BudgetReset,payday budget planner,how to make a monthly budget spreadsheet,4
BudgetReset,payday budget planner,how to create a weekly budget spreadsheet,4
BudgetReset,payday budget planner,how to make a simple budget spreadsheet,3
BudgetReset,payday budget planner,how to make a monthly budget spreadsheet in excel,4
BudgetReset,payday budget planner,paycheck budget planner google sheets,3
BudgetReset,payday budget planner,paycheck budget template google sheets,3
BudgetReset,payday budget planner,paycheck budget template google sheets free,4
BudgetReset,payday budget planner,paycheck budget template google sheets free download,4
BudgetReset,payday budget planner,weekly paycheck budget template google sheets,4
BudgetReset,payday budget planner,biweekly paycheck budget template google sheets,4
BudgetReset,payday budget planner,simple paycheck budget template google sheets,3
BudgetReset,payday budget planner,biweekly paycheck budget template google sheets free,5
BudgetReset,payday budget planner,monthly paycheck budget template google sheets,4
BudgetReset,payday budget planner,making a budget with google sheets,3
BudgetReset,payday budget planner,how to make a budget plan in excel,3
BudgetReset,payday budget planner,how to do monthly budget on excel,4
BudgetReset,debt snowball calculator,debt snowball calculator,2
BudgetReset,debt snowball calculator,debt snowball calculator spreadsheet,3
BudgetReset,debt snowball calculator,debt snowball calculator free,4
BudgetReset,debt snowball calculator,debt snowball calculator excel,3
BudgetReset,debt snowball calculator,debt snowball calculator google sheets,3
BudgetReset,debt snowball calculator,debt snowball calculator uk,1
BudgetReset,debt snowball calculator,debt snowball calculator app,2
BudgetReset,debt snowball calculator,debt snowball calculator spreadsheet free,4
BudgetReset,debt snowball calculator,debt snowball calculator with amortization,3
BudgetReset,debt snowball calculator,debt snowball calculator google sheets free,4
BudgetReset,debt snowball calculator,debt snowball calculator free download,4
BudgetReset,debt snowball calculator,debt snowball calculator free excel,4
BudgetReset,debt snowball calculator,debt snowball calculator excel free download,4
BudgetReset,debt snowball calculator,best debt snowball calculator free,4
BudgetReset,debt snowball calculator,free debt snowball calculator uk,2
BudgetReset,debt snowball calculator,free debt snowball calculator app,3
BudgetReset,debt snowball calculator,free debt snowball calculator canada,2
BudgetReset,debt snowball calculator,debt snowball calculator template,3
BudgetReset,debt snowball calculator,debt snowball calculator excel free,4
BudgetReset,debt snowball calculator,debt snowball calculator spreadsheet reddit,1
BudgetReset,debt snowball calculator,debt snowball calculator excel template,3
BudgetReset,debt snowball calculator,biweekly debt snowball calculator excel,4
BudgetReset,debt snowball calculator,debt snowball calculator spreadsheet excel,3
BudgetReset,debt snowball calculator,debt snowball calculator online,3
BudgetReset,debt snowball calculator,debt snowball method for paying off debt,1
BudgetReset,debt snowball calculator,debt payoff snowball calculator spreadsheet,3
BudgetReset,debt snowball calculator,debt snowball avalanche calculator spreadsheet,3
BudgetReset,debt snowball calculator,debt snowball avalanche calculator spreadsheet google sheets and excel template,3
BudgetReset,debt snowball calculator,google sheets loan payment formula,3
BudgetReset,debt snowball calculator,which best describes the debt snowball method for paying off debt,1
BudgetReset,debt snowball calculator,automated debt snowball calculator excel,3
BudgetReset,zero based budget template,zero based budget template,3
BudgetReset,zero based budget template,zero based budget template google sheets,3
BudgetReset,zero based budget template,zero based budget template excel,3
BudgetReset,zero based budget template,zero based budget template free,4
BudgetReset,zero based budget template,zero based budget template google sheets free,4
BudgetReset,zero based budget template,zero based budget template pdf,3
BudgetReset,zero based budget template,zero based budget template excel free,4
BudgetReset,zero based budget template,zero based budget template excel free download,4
BudgetReset,zero based budget template,zero based budget template free printable,4
BudgetReset,zero based budget template,zero based budget template dave ramsey,1
BudgetReset,zero based budget template,zero based budget template free download,4
BudgetReset,zero based budget template,zero based budget spreadsheet free,4
BudgetReset,zero based budget template,zero based budget worksheet free,2
BudgetReset,zero based budget template,zero based budget template excel free pdf,4
BudgetReset,zero based budget template,zero based budget template google sheets free download,4
BudgetReset,zero based budget template,zero based budget template printable,3
BudgetReset,zero based budget template,how to create a zero based budget,1
BudgetReset,zero based budget template,budget templates for numbers,3
BudgetReset,zero based budget template,zero based budget worksheet pdf,3
BudgetReset,zero based budget template,zero based budgeting example pdf,3
BudgetReset,zero based budget template,zero based budget spreadsheet template,3
BudgetReset,zero based budget template,zero based budget template sheets,3
BudgetReset,zero based budget template,zero balance budget template excel,3
BudgetReset,zero based budget template,zero based budgeting example excel,3
BudgetReset,zero based budget template,zero based budget worksheet template google spreadsheet,3
BudgetReset,zero based budget template,zero balance budget template google sheets,3
BudgetReset,zero based budget template,zero balance budget template google docs,3
BudgetReset,zero based budget template,how to use google sheets budget template,3
BudgetReset,zero based budget template,how to use google sheets monthly budget template,4
BudgetReset,zero based budget template,how to make a google sheets budget,3
BudgetReset,zero based budget template,zero based budget excel spreadsheet,3
BudgetReset,zero based budget template,how to create a zero based budget in excel,3
BudgetReset,50 30 20 calculator,50 30 20 calculator,3
BudgetReset,50 30 20 calculator,50 30 20 calculator uk,1
BudgetReset,50 30 20 calculator,50 30 20 calculator weekly,4
BudgetReset,50 30 20 calculator,50 30 20 calculator free,4
BudgetReset,50 30 20 calculator,50 30 20 calculator malaysia,3
BudgetReset,50 30 20 calculator,50 30 20 calculator philippines,3
BudgetReset,50 30 20 calculator,50 30 20 calculator biweekly,4
BudgetReset,50 30 20 calculator,50 30 20 calculator india,3
BudgetReset,50 30 20 calculator,50 30 20 calculator excel,3
BudgetReset,50 30 20 calculator,50 30 20 calculator fortnightly,3
BudgetReset,50 30 20 calculator,50 30 20 budget calculator free,4
BudgetReset,50 30 20 calculator,50 30 20 rule calculator free,4
BudgetReset,50 30 20 calculator,50 30 20 calculator uk free,2
BudgetReset,50 30 20 calculator,50 30 20 rule calculator app free,3
BudgetReset,50 30 20 calculator,how to calculate 50 30 20 rule,1
BudgetReset,50 30 20 calculator,50 30 20 formula,1
BudgetReset,50 30 20 calculator,50 30 20 formula calculator,3
BudgetReset,50 30 20 calculator,50 30 20 rule calculator excel,3
BudgetReset,50 30 20 calculator,50 30 20 budget calculator excel,3
BudgetReset,50 30 20 calculator,50/30/20 rule calculator,2
BudgetReset,50 30 20 calculator,50 30 20 rule examples,1
BudgetReset,50 30 20 calculator,50 30 20 calculator online,3
BudgetReset,50 30 20 calculator,50 30 20 rule calculator online,3
BudgetReset,50 30 20 calculator,budget calculator 50 30 20 rule spreadsheet,3
BudgetReset,50 30 20 calculator,50 30 20 calculator google sheets,3
BudgetReset,50 30 20 calculator,30-20-50 rule,0
MoveBudget,moving checklist,moving checklist,2
MoveBudget,moving checklist,moving checklist pdf,2
MoveBudget,moving checklist,moving checklist printable,2
MoveBudget,moving checklist,moving checklist apartment,3
MoveBudget,moving checklist,moving checklist uk,0
MoveBudget,moving checklist,moving checklist timeline,2
MoveBudget,moving checklist,moving checklist address change,3
MoveBudget,moving checklist,moving checklist ontario,0
MoveBudget,moving checklist,moving checklist template,2
MoveBudget,moving checklist,moving checklist bc,0
MoveBudget,moving checklist,moving checklist free printable,4
MoveBudget,moving checklist,moving checklist free pdf,4
MoveBudget,moving checklist,moving checklist free template,4
MoveBudget,moving checklist,moving checklist free printable pdf,4
MoveBudget,moving checklist,moving checklist pdf free download,4
MoveBudget,moving checklist,moving checklist excel free download,4
MoveBudget,moving checklist,moving house checklist free,4
MoveBudget,moving checklist,moving checklist pdf free download usa,4
MoveBudget,moving checklist,moving checklist excel template free,4
MoveBudget,moving checklist,moving checklist template excel free download,4
MoveBudget,moving checklist,moving checklist printable free,4
MoveBudget,moving checklist,moving checklist printable free download,4
MoveBudget,moving checklist,moving checklist template google sheets,3
MoveBudget,moving checklist,moving checklist pdf free,4
MoveBudget,moving checklist,moving checklist template free,4
MoveBudget,moving checklist,moving checklist template excel,3
MoveBudget,moving checklist,moving checklist template pdf,3
MoveBudget,moving checklist,moving checklist template word,3
MoveBudget,moving checklist,moving checklist template google docs,3
MoveBudget,moving checklist,relocation checklist template,2
MoveBudget,moving checklist,moving checklist excel,2
MoveBudget,moving checklist,moving checklist pdf canada,1
MoveBudget,moving checklist,moving checklist pdf australia,1
MoveBudget,moving checklist,movers checklist pdf,2
MoveBudget,moving checklist,relocation checklist pdf,2
MoveBudget,moving checklist,moving list checklist,2
MoveBudget,moving checklist,checklist for moving,2
MoveBudget,moving checklist,moving needs checklist,2
MoveBudget,moving checklist,moving checklist spreadsheet,2
MoveBudget,moving checklist,moving checklist spreadsheet google sheets,3
MoveBudget,moving checklist,moving checklist sheets,2
MoveBudget,moving checklist,moving checklist google sheets,3
MoveBudget,moving checklist,moving checklist google sheets template,3
MoveBudget,moving checklist,moving checklist google docs,3
MoveBudget,moving checklist,moving checklist google docs template,3
MoveBudget,moving checklist,moving house checklist google sheets,3
MoveBudget,moving checklist,moving out checklist google sheets,3
MoveBudget,moving checklist,checklist in google sheets,3
MoveBudget,moving checklist,how to do checklist in google sheets,3
MoveBudget,moving checklist,relocation checklist excel,2
MoveBudget,moving checklist,moving checklist for kids,3
MoveBudget,moving checklist,moving checklist for college student,4
MoveBudget,moving checklist,moving checklist things to do,3
MoveBudget,moving checklist,what to do when you move checklist,3
MoveBudget,moving cost calculator,moving cost calculator,2
MoveBudget,moving cost calculator,moving cost calculator free,4
MoveBudget,moving cost calculator,moving cost calculator uk,1
MoveBudget,moving cost calculator,moving cost calculator rightmove,1
MoveBudget,moving cost calculator,moving cost calculator no email,4
MoveBudget,moving cost calculator,moving cost calculator ontario,1
MoveBudget,moving cost calculator,moving cost calculator canada,1
MoveBudget,moving cost calculator,moving cost calculator reddit,1
MoveBudget,moving cost calculator,moving cost calculator nz,1
MoveBudget,moving cost calculator,moving cost calculator germany,1
MoveBudget,moving cost calculator,long distance moving cost calculator free,4
MoveBudget,moving cost calculator,free moving cost calculator nz,2
MoveBudget,moving cost calculator,free moving cost calculator rightmove,2
MoveBudget,moving cost calculator,free moving cost calculator uk,2
MoveBudget,moving cost calculator,free approximate moving cost calculator,3
MoveBudget,moving cost calculator,free approximate moving cost calculator canada,1
MoveBudget,moving cost calculator,free approximate moving cost calculator south africa,3
MoveBudget,moving cost calculator,free interstate moving cost calculator australia,2
MoveBudget,moving cost calculator,how much should a move cost,1
MoveBudget,moving cost calculator,moving cost calculator online,3
MoveBudget,moving cost calculator,office moving cost estimator calculator,3
MoveBudget,moving cost calculator,cost of moving calculator,3
MoveBudget,moving cost calculator,cost of moving calculator uk,1
MoveBudget,moving cost calculator,moving cost estimate no email,2
MoveBudget,apartment moving checklist,apartment moving checklist,3
MoveBudget,apartment moving checklist,apartment moving checklist printable,4
MoveBudget,apartment moving checklist,apartment moving checklist printable free,5
MoveBudget,apartment moving checklist,apartment moving checklist pdf,4
MoveBudget,apartment moving checklist,apartment moving checklist excel,4
MoveBudget,apartment moving checklist,apartment moving checklist reddit,2
MoveBudget,apartment moving checklist,apartment moving checklist template,4
MoveBudget,apartment moving checklist,house moving checklist,2
MoveBudget,apartment moving checklist,house moving checklist uk,1
MoveBudget,apartment moving checklist,house moving checklist template uk,1
MoveBudget,apartment moving checklist,checklist for moving into first apartment,4
MoveBudget,apartment moving checklist,house moving checklist printable,3
MoveBudget,apartment moving checklist,house moving checklist template,3
MoveBudget,apartment moving checklist,house moving checklist pdf,3
MoveBudget,apartment moving checklist,printable house moving checklist template,3
MoveBudget,apartment moving checklist,moving house printable checklist uk,1
MoveBudget,apartment moving checklist,moving house checklist template pdf,3
MoveBudget,apartment moving checklist,moving house checklist template free download,4
MoveBudget,apartment moving checklist,moving house checklist template word,3
MoveBudget,apartment moving checklist,moving house checklist excel,3
MoveBudget,apartment moving checklist,moving house checklist excel uk,1
MoveBudget,apartment moving checklist,moving house checklist pdf free download,4
MoveBudget,apartment moving checklist,moving house checklist pdf uk,1
MoveBudget,apartment moving checklist,moving house checklist pdf australia,1
MoveBudget,apartment moving checklist,printable moving checklist apartment pdf,4
MoveBudget,apartment moving checklist,checklist before moving into an apartment,4
MoveBudget,apartment moving checklist,moving house checklist spreadsheet,3
MoveBudget,apartment moving checklist,moving house checklist template excel,3
MoveBudget,apartment moving checklist,renters moving checklist,2
MoveBudget,apartment moving checklist,moving house checklist excel free download,4
MoveBudget,moving supplies checklist,moving supplies checklist,2
MoveBudget,moving supplies checklist,moving items checklist,2
MoveBudget,moving supplies checklist,moving boxes checklist,2
MoveBudget,moving supplies checklist,packing supplies checklist,2
MoveBudget,moving supplies checklist,moving equipment checklist,2
MoveBudget,moving supplies checklist,moving materials checklist,2
MoveBudget,moving supplies checklist,moving out supplies checklist,3
MoveBudget,moving supplies checklist,moving out cleaning supplies checklist,3
MoveBudget,moving supplies checklist,moving in cleaning supplies checklist,3
MoveBudget,moving supplies checklist,moving necessities checklist,2
MoveBudget,packing supplies calculator,packing supplies calculator,2
MoveBudget,packing supplies calculator,moving supplies calculator,2
MoveBudget,packing supplies calculator,packing material calculator,2
MoveBudget,packing supplies calculator,packing boxes calculator,2
MoveBudget,packing supplies calculator,packing supplies list,0
MoveBudget,packing supplies calculator,packing weight list,0
MoveBudget,first apartment budget,first apartment budget,1
MoveBudget,first apartment budget,first apartment budget worksheet,2
MoveBudget,first apartment budget,first apartment budget worksheet pdf,4
MoveBudget,first apartment budget,first apartment budget calculator,4
MoveBudget,first apartment budget,first apartment budget checklist,4
MoveBudget,first apartment budget,first apartment budget template,4
MoveBudget,first apartment budget,first apartment budget excel,4
MoveBudget,first apartment budget,first home budget planner,3
MoveBudget,first apartment budget,new apartment budget spreadsheet,4
MoveBudget,first apartment budget,first home budget,0
MoveBudget,first apartment budget,free printable first apartment budget worksheet pdf,5
MoveBudget,first apartment budget,free printable first apartment budget worksheet,5
MoveBudget,first apartment budget,budget for first apartment,2
MoveBudget,first apartment budget,new apartment budget template,4
MoveBudget,first apartment budget,first home budget template,3
MoveBudget,first apartment budget,first apartment checklist on a budget pdf,4
MoveBudget,first apartment budget,first home budget calculator,3
MoveBudget,first apartment budget,checklist for first apartment,4
MoveBudget,first apartment budget,first apartment budget spreadsheet,4
MoveBudget,first apartment budget,first home scheme budget 2026,1
AIStackCost,ai tools for small business,ai tools for small business,2
AIStackCost,ai tools for small business,ai tools for small business owners,2
AIStackCost,ai tools for small business,ai tools for small business marketing,2
AIStackCost,ai tools for small business,ai tools for small businesses 2025,2
AIStackCost,ai tools for small business,ai tools for small business automation,2
AIStackCost,ai tools for small business,ai tools for small business accounting,2
AIStackCost,ai tools for small business,ai tools for small business reddit,0
AIStackCost,ai tools for small business,ai tools for small businesses 2026,2
AIStackCost,ai tools for small business,best ai tools for small business,2
AIStackCost,ai tools for small business,free ai tools for small business,3
AIStackCost,ai tools for small business,ai marketing tools for small business free,3
AIStackCost,ai tools for small business,free ai tools for small business owners,3
AIStackCost,ai tools for small business,best free ai tools for small business,3
AIStackCost,ai tools for small business,how can ai help small businesses,2
AIStackCost,ai tools for small business,ai tools for customer service,0
AIStackCost,ai tools for small business,tools required for artificial intelligence,1
AIStackCost,ai tools for small business,what is the best free app for small business,2
AIStackCost,ai tools for small business,best ai tools for small business 2026,2
AIStackCost,ai tools for small business,best ai tools for small business marketing 2026,2
AIStackCost,ai tools for small business,ai small business ideas,2
AIStackCost,ai tools for small business,ai forecasting tools,0
AIStackCost,ai tools for small business,how to check size in ai,1
AIStackCost,ai tools for agencies,ai tools for agencies,1
AIStackCost,ai tools for agencies,ai tools for marketing agencies,1
AIStackCost,ai tools for agencies,ai tools for recruitment agencies,1
AIStackCost,ai tools for agencies,ai tools for advertising agencies,1
AIStackCost,ai tools for agencies,best ai tools for agencies,1
AIStackCost,ai tools for agencies,ai tools for creative agencies,1
AIStackCost,ai tools for agencies,ai tools for insurance agencies,1
AIStackCost,ai tools for agencies,ai tools for staffing agencies,1
AIStackCost,ai tools for agencies,ai tools for pr agencies,1
AIStackCost,ai tools for agencies,ai tools for companies,1
AIStackCost,ai tools for freelancers,ai tools for freelancers,3
AIStackCost,ai tools for freelancers,ai tools for freelancers 2025,3
AIStackCost,ai tools for freelancers,ai tools for freelance writers,2
AIStackCost,ai tools for freelancers,free ai tools for freelancers,3
AIStackCost,ai tools for freelancers,ai marketing tools for freelancers,3
AIStackCost,ai tools for freelancers,ai productivity tools for freelancers,3
AIStackCost,ai tools for freelancers,best free ai tools for freelancers,3
AIStackCost,ai tools for freelancers,top 10 ai tools for freelancers,3
AIStackCost,ai tools for freelancers,best ai tools for freelance writers,2
AIStackCost,ai tools for freelancers,the 17 best ai tools for freelancers in 2026,3
AIStackCost,ai tools for freelancers,is freelancer free for freelancers,3
AIStackCost,ai tools for freelancers,how to make your own ai assistant for free,2
AIStackCost,ai tools for freelancers,how to get ai for free,2
AIStackCost,ai tools for freelancers,ai tools for contract review,1
AIStackCost,ai subscription cost,ai subscription cost,0
AIStackCost,ai subscription cost,ai subscription cost comparison,1
AIStackCost,ai subscription cost,ai subscription cost analysis,1
AIStackCost,ai subscription cost,ai subscription cost in india,1
AIStackCost,ai subscription cost,ai subscription cost per month,1
AIStackCost,ai subscription cost,ai monthly cost,1
AIStackCost,ai subscription cost,ai membership cost,0
AIStackCost,ai subscription cost,ai monthly cost comparison,2
AIStackCost,ai subscription cost,ai subscription price,0
AIStackCost,ai subscription cost,ai subscription price in pakistan,1
AIStackCost,ai subscription cost,freed ai subscription cost,2
AIStackCost,ai subscription cost,ai fees,0
AIStackCost,ai subscription cost,is ai free,1
AIStackCost,ai subscription cost,ai alternative free,1
AIStackCost,ai subscription cost,how much does ai cost,1
AIStackCost,chatgpt vs claude cost,chatgpt vs claude cost,1
AIStackCost,chatgpt vs claude cost,chat gpt vs claude pricing,1
AIStackCost,chatgpt vs claude cost,chatgpt vs claude rate limits,1
AIStackCost,chatgpt vs claude cost,chatgpt vs claude pricing api,1
AIStackCost,chatgpt vs claude cost,chatgpt vs claude pricing comparison,1
AIStackCost,chatgpt vs claude cost,chatgpt vs claude api cost,1
AIStackCost,chatgpt vs claude cost,chatgpt or claude pricing,1
AIStackCost,chatgpt vs claude cost,chatgpt vs claude vs gemini cost,1
AIStackCost,chatgpt vs claude cost,perplexity vs chatgpt vs claude cost,1
AIStackCost,chatgpt vs claude cost,chatgpt vs claude subscription price,1
AIStackCost,best ai tools for creators,best ai tools for creators,1
AIStackCost,best ai tools for creators,best ai tools for creators 2025,1
AIStackCost,best ai tools for creators,best ai tools for designers,1
AIStackCost,best ai tools for creators,best ai tools for designers 2025,1
AIStackCost,best ai tools for creators,best ai tools for designers free,2
AIStackCost,best ai tools for creators,best ai tools for founders,1
AIStackCost,best ai tools for creators,best ai tools for designers reddit,-1
AIStackCost,best ai tools for creators,best ai tools for designers 2026,1
AIStackCost,best ai tools for creators,best ai tools for designers 2024,1
AIStackCost,best ai tools for creators,best ai tools for content creators,1
AIStackCost,best ai tools for creators,best ai tool for ppt maker free,2
AIStackCost,best ai tools for creators,best free ai tools for creators,2
AIStackCost,best ai tools for creators,best free ai tools for content creators,2
AIStackCost,best ai tools for creators,best free ai tools for youtube creators,2
AIStackCost,best ai tools for creators,which software is used to make artificial intelligence,1
AIStackCost,best ai tools for creators,what are the best ai tools,1
AIStackCost,best ai tools for creators,how to make your own artificial intelligence software,1
AIStackCost,best ai tools for creators,how to build an ai tool,1
AIStackCost,best ai tools for creators,best ai tools for content creators 2026,1
AIStackCost,best ai tools for creators,best ai tools for graphic designers 2026,1
AIStackCost,best ai tools for creators,top 10 ai tools,1
AIStackCost,best ai tools for creators,top 10 artificial intelligence tools,1
AIStackCost,ai tool stack,ai tool stacking,0
AIStackCost,ai tool stack,best ai tool stack,1
AIStackCost,ai tool stack,genai tool stack,0
AIStackCost,ai tool stack,agentic ai tool stack,1
AIStackCost,ai tool stack,generative ai tool stack,1
AIStackCost,ai tool stack,ai tool tech stack,1
AIStackCost,ai tool stack,ai engineer tool stack,1
AIStackCost,ai tool stack,ai developer tools stack overflow survey,1
AIStackCost,ai tool stack,ai tool for full stack web development,1
AIStackCost,ai tool stack,ai tool for full stack development,1
AIStackCost,ai tool stack,full stack ai tool free,2
AIStackCost,ai tool stack,what is ai stack,1
AIStackCost,ai tool stack,what is full stack ai,1
AIStackCost,ai tool stack,ai stack definition,0
